{"v":"5.7.3","fr":60,"ip":0,"op":240,"w":1500,"h":1500,"nm":"Ui-3","ddd":0,"assets":[],"layers":[{"ddd":0,"ind":1,"ty":4,"nm":"PC Outlines 4","sr":1,"ks":{"o":{"a":0,"k":100,"ix":11},"r":{"a":0,"k":270,"ix":10},"p":{"a":0,"k":[964,929.5930000000001,0],"ix":2},"a":{"a":0,"k":[262.495,165.85,0],"ix":1},"s":{"a":0,"k":[52.605000000000004,40.908,100],"ix":6}},"ao":0,"shapes":[{"ty":"gr","it":[{"d":1,"ty":"el","s":{"a":0,"k":[81.545,81.545],"ix":2},"p":{"a":0,"k":[0,0],"ix":3},"nm":"Ellipse Path 1","mn":"ADBE Vector Shape - Ellipse","hd":false},{"ty":"fl","c":{"a":0,"k":[0.00392156862745098,0.6823529411764706,0.9411764705882353,1],"ix":4},"o":{"a":0,"k":100,"ix":5},"r":1,"bm":0,"nm":"Fill 1","mn":"ADBE Vector Graphic - Fill","hd":false},{"ty":"tr","p":{"a":1,"k":[{"i":{"x":0,"y":1},"o":{"x":0.167,"y":0},"t":187,"s":[449.316,232.698],"to":[-0.252,-11.607],"ti":[0.252,11.607]},{"t":223,"s":[447.801,163.058]}],"ix":2},"a":{"a":0,"k":[0,0],"ix":1},"s":{"a":1,"k":[{"i":{"x":[0,0],"y":[1,1]},"o":{"x":[0.167,0.167],"y":[0,0]},"t":187,"s":[87.786,114.071]},{"t":223,"s":[73.947,96.036]}],"ix":3},"r":{"a":0,"k":0,"ix":6},"o":{"a":0,"k":100,"ix":7},"sk":{"a":0,"k":0,"ix":4},"sa":{"a":0,"k":0,"ix":5},"nm":"Transform"}],"nm":"Ellipse 1","np":3,"cix":2,"bm":0,"ix":1,"mn":"ADBE Vector Group","hd":false},{"ty":"gr","it":[{"ty":"rc","d":1,"s":{"a":0,"k":[129.011,66.93],"ix":2},"p":{"a":0,"k":[0,0],"ix":3},"r":{"a":0,"k":0,"ix":4},"nm":"Rectangle Path 1","mn":"ADBE Vector Shape - Rect","hd":false},{"ty":"fl","c":{"a":0,"k":[0.2,0.854901960784,0.929411764706,1],"ix":4},"o":{"a":0,"k":100,"ix":5},"r":1,"bm":0,"nm":"Fill 1","mn":"ADBE Vector Graphic - Fill","hd":false},{"ty":"tr","p":{"a":1,"k":[{"i":{"x":0,"y":1},"o":{"x":0.167,"y":0},"t":187,"s":[218.306,48.072],"to":[30.964,20.115],"ti":[-26.034,-0.676]},{"t":223,"s":[374.512,52.13]}],"ix":2},"a":{"a":0,"k":[59.02,0.016],"ix":1},"s":{"a":1,"k":[{"i":{"x":[0,0],"y":[1,1]},"o":{"x":[0.167,0.167],"y":[0,0]},"t":187,"s":[47.63,509.638]},{"t":223,"s":[192.703,56.482]}],"ix":3},"r":{"a":1,"k":[{"i":{"x":[0],"y":[1]},"o":{"x":[0.167],"y":[0]},"t":187,"s":[-90.137]},{"t":223,"s":[-90]}],"ix":6},"o":{"a":0,"k":100,"ix":7},"sk":{"a":0,"k":0,"ix":4},"sa":{"a":0,"k":0,"ix":5},"nm":"Transform"}],"nm":"Rectangle 4","np":3,"cix":2,"bm":0,"ix":2,"mn":"ADBE Vector Group","hd":false},{"ty":"gr","it":[{"ty":"rc","d":1,"s":{"a":0,"k":[129.011,66.93],"ix":2},"p":{"a":0,"k":[0,0],"ix":3},"r":{"a":0,"k":0,"ix":4},"nm":"Rectangle Path 1","mn":"ADBE Vector Shape - Rect","hd":false},{"ty":"fl","c":{"a":0,"k":[0.058823529411764705,0.23921568627450981,0.34901960784313724,1],"ix":4},"o":{"a":0,"k":100,"ix":5},"r":1,"bm":0,"nm":"Fill 1","mn":"ADBE Vector Graphic - Fill","hd":false},{"ty":"tr","p":{"a":1,"k":[{"i":{"x":0,"y":1},"o":{"x":0.167,"y":0},"t":187,"s":[148.365,207.816],"to":[-0.581,-6.756],"ti":[0.581,6.756]},{"t":223,"s":[144.878,167.282]}],"ix":2},"a":{"a":0,"k":[0,-33.256],"ix":1},"s":{"a":1,"k":[{"i":{"x":[0,0],"y":[1,1]},"o":{"x":[0.167,0.167],"y":[0,0]},"t":187,"s":[116.192,124.728]},{"t":223,"s":[184.529,124.728]}],"ix":3},"r":{"a":0,"k":-90,"ix":6},"o":{"a":0,"k":100,"ix":7},"sk":{"a":0,"k":0,"ix":4},"sa":{"a":0,"k":0,"ix":5},"nm":"Transform"}],"nm":"Rectangle 3","np":3,"cix":2,"bm":0,"ix":3,"mn":"ADBE Vector Group","hd":false},{"ty":"gr","it":[{"ty":"rc","d":1,"s":{"a":0,"k":[129.011,66.93],"ix":2},"p":{"a":0,"k":[0,0],"ix":3},"r":{"a":0,"k":0,"ix":4},"nm":"Rectangle Path 1","mn":"ADBE Vector Shape - Rect","hd":false},{"ty":"fl","c":{"a":0,"k":[0.058823529411764705,0.23921568627450981,0.34901960784313724,1],"ix":4},"o":{"a":0,"k":100,"ix":5},"r":1,"bm":0,"nm":"Fill 1","mn":"ADBE Vector Graphic - Fill","hd":false},{"ty":"tr","p":{"a":1,"k":[{"i":{"x":0,"y":1},"o":{"x":0.167,"y":0},"t":187,"s":[45.781,207.114],"to":[-0.669,-6.756],"ti":[0.669,6.756]},{"t":223,"s":[41.768,166.579]}],"ix":2},"a":{"a":0,"k":[0,-36.928],"ix":1},"s":{"a":1,"k":[{"i":{"x":[0,0],"y":[1,1]},"o":{"x":[0.167,0.167],"y":[0,0]},"t":187,"s":[114.366,113.754]},{"t":223,"s":[182.703,113.754]}],"ix":3},"r":{"a":0,"k":-90,"ix":6},"o":{"a":0,"k":100,"ix":7},"sk":{"a":0,"k":0,"ix":4},"sa":{"a":0,"k":0,"ix":5},"nm":"Transform"}],"nm":"Rectangle 2","np":3,"cix":2,"bm":0,"ix":4,"mn":"ADBE Vector Group","hd":false},{"ty":"gr","it":[{"ty":"rc","d":1,"s":{"a":0,"k":[129.011,66.93],"ix":2},"p":{"a":0,"k":[0,0],"ix":3},"r":{"a":0,"k":0,"ix":4},"nm":"Rectangle Path 1","mn":"ADBE Vector Shape - Rect","hd":false},{"ty":"fl","c":{"a":0,"k":[0.058823529411764705,0.23921568627450981,0.34901960784313724,1],"ix":4},"o":{"a":0,"k":100,"ix":5},"r":1,"bm":0,"nm":"Fill 1","mn":"ADBE Vector Graphic - Fill","hd":false},{"ty":"tr","p":{"a":1,"k":[{"i":{"x":0,"y":1},"o":{"x":0.167,"y":0},"t":187,"s":[255.449,206.584],"to":[0,0],"ti":[0,0]},{"t":223,"s":[254.885,166.05]}],"ix":2},"a":{"a":0,"k":[0,-34.36],"ix":1},"s":{"a":1,"k":[{"i":{"x":[0,0],"y":[1,1]},"o":{"x":[0.167,0.167],"y":[0,0]},"t":187,"s":[117.453,197.23]},{"t":223,"s":[185.79,112.217]}],"ix":3},"r":{"a":0,"k":-90,"ix":6},"o":{"a":0,"k":100,"ix":7},"sk":{"a":0,"k":0,"ix":4},"sa":{"a":0,"k":0,"ix":5},"nm":"Transform"}],"nm":"Rectangle 1","np":3,"cix":2,"bm":0,"ix":5,"mn":"ADBE Vector Group","hd":false},{"ty":"gr","it":[{"ind":0,"ty":"sh","ix":1,"ks":{"a":0,"k":{"i":[[22.092,0],[0,0],[0,-22.091],[0,0],[-22.091,0],[0,0],[0,22.091],[0,0]],"o":[[0,0],[-22.091,0],[0,0],[0,22.091],[0,0],[22.092,0],[0,0],[0,-22.091]],"v":[[222.245,-165.6],[-222.245,-165.6],[-262.245,-125.6],[-262.245,125.6],[-222.245,165.6],[222.245,165.6],[262.245,125.6],[262.245,-125.6]],"c":true},"ix":2},"nm":"Path 1","mn":"ADBE Vector Shape - Group","hd":false},{"ind":1,"ty":"sh","ix":2,"ks":{"a":0,"k":{"i":[[0,0],[0,-11.881],[0,0],[11.882,0],[0,0],[0,11.882],[0,0],[-11.881,0]],"o":[[11.882,0],[0,0],[0,11.882],[0,0],[-11.881,0],[0,0],[0,-11.881],[0,0]],"v":[[222.245,-147.147],[243.792,-125.6],[243.792,125.6],[222.245,147.147],[-222.245,147.147],[-243.792,125.6],[-243.792,-125.6],[-222.245,-147.147]],"c":true},"ix":2},"nm":"Path 2","mn":"ADBE Vector Shape - Group","hd":false},{"ty":"mm","mm":1,"nm":"Merge Paths 1","mn":"ADBE Vector Filter - Merge","hd":false},{"ty":"fl","c":{"a":0,"k":[0.356862745098,0.282352941176,0.462745098039,1],"ix":4},"o":{"a":0,"k":100,"ix":5},"r":1,"bm":0,"nm":"Fill 1","mn":"ADBE Vector Graphic - Fill","hd":false},{"ty":"tr","p":{"a":0,"k":[262.495,165.85],"ix":2},"a":{"a":0,"k":[0,0],"ix":1},"s":{"a":0,"k":[100,100],"ix":3},"r":{"a":0,"k":0,"ix":6},"o":{"a":0,"k":100,"ix":7},"sk":{"a":0,"k":0,"ix":4},"sa":{"a":0,"k":0,"ix":5},"nm":"Transform"}],"nm":"Group 1","np":4,"cix":2,"bm":0,"ix":6,"mn":"ADBE Vector Group","hd":false},{"ty":"gr","it":[{"ind":0,"ty":"sh","ix":1,"ks":{"a":0,"k":{"i":[[0,0],[0,16.968],[0,0],[-16.969,0],[0,0],[0,-16.968],[0,0],[16.969,0]],"o":[[-16.969,0],[0,0],[0,-16.968],[0,0],[16.969,0],[0,0],[0,16.968],[0,0]],"v":[[-222.244,156.374],[-253.018,125.6],[-253.018,-125.6],[-222.244,-156.374],[222.244,-156.374],[253.018,-125.6],[253.018,125.6],[222.244,156.374]],"c":true},"ix":2},"nm":"Path 1","mn":"ADBE Vector Shape - Group","hd":false},{"ty":"fl","c":{"a":0,"k":[1,1,1,1],"ix":4},"o":{"a":0,"k":100,"ix":5},"r":1,"bm":0,"nm":"Fill 1","mn":"ADBE Vector Graphic - Fill","hd":false},{"ty":"tr","p":{"a":0,"k":[261.034,167.142],"ix":2},"a":{"a":0,"k":[0,0],"ix":1},"s":{"a":0,"k":[100,100],"ix":3},"r":{"a":0,"k":0,"ix":6},"o":{"a":0,"k":100,"ix":7},"sk":{"a":0,"k":0,"ix":4},"sa":{"a":0,"k":0,"ix":5},"nm":"Transform"}],"nm":"Group 2","np":2,"cix":2,"bm":0,"ix":7,"mn":"ADBE Vector Group","hd":false}],"ip":150,"op":5483,"st":0,"bm":0},{"ddd":0,"ind":2,"ty":4,"nm":"PC Outlines 3","sr":1,"ks":{"o":{"a":0,"k":100,"ix":11},"r":{"a":1,"k":[{"i":{"x":[0.658],"y":[1]},"o":{"x":[0.167],"y":[0]},"t":35,"s":[270]},{"t":223,"s":[270]}],"ix":10},"p":{"a":1,"k":[{"i":{"x":0.581,"y":0.581},"o":{"x":0.402,"y":0.402},"t":35,"s":[964,929.5930000000001,0],"to":[0,0,0],"ti":[0,0,0]},{"t":223,"s":[964,929.5930000000001,0]}],"ix":2},"a":{"a":0,"k":[262.495,165.85,0],"ix":1},"s":{"a":1,"k":[{"i":{"x":[0.658,0.658,0.833],"y":[1,1,1]},"o":{"x":[0.167,0.167,0.167],"y":[0,0,0]},"t":35,"s":[52.605000000000004,40.908,100]},{"t":223,"s":[52.605000000000004,40.908,100]}],"ix":6}},"ao":0,"shapes":[{"ty":"gr","it":[{"d":1,"ty":"el","s":{"a":0,"k":[81.545,81.545],"ix":2},"p":{"a":0,"k":[0,0],"ix":3},"nm":"Ellipse Path 1","mn":"ADBE Vector Shape - Ellipse","hd":false},{"ty":"fl","c":{"a":0,"k":[0.00392156862745098,0.6823529411764706,0.9411764705882353,1],"ix":4},"o":{"a":0,"k":100,"ix":5},"r":1,"bm":0,"nm":"Fill 1","mn":"ADBE Vector Graphic - Fill","hd":false},{"ty":"tr","p":{"a":1,"k":[{"i":{"x":0.111,"y":1},"o":{"x":0.167,"y":0},"t":35,"s":[447.801,163.058],"to":[-4.059,0.185],"ti":[4.059,-0.185]},{"i":{"x":0.111,"y":0.111},"o":{"x":0.167,"y":0.167},"t":76,"s":[423.445,164.171],"to":[0,0],"ti":[0,0]},{"i":{"x":0,"y":1},"o":{"x":0.167,"y":0},"t":110,"s":[423.445,164.171],"to":[4.312,11.421],"ti":[-4.312,-11.421]},{"i":{"x":0.833,"y":0.833},"o":{"x":0.167,"y":0.167},"t":150,"s":[449.316,232.698],"to":[0,0],"ti":[0,0]},{"i":{"x":0,"y":1},"o":{"x":0.167,"y":0},"t":187,"s":[449.316,232.698],"to":[-0.252,-11.607],"ti":[0.252,11.607]},{"t":223,"s":[447.801,163.058]}],"ix":2},"a":{"a":0,"k":[0,0],"ix":1},"s":{"a":1,"k":[{"i":{"x":[0.111,0.111],"y":[1,1]},"o":{"x":[0.167,0.167],"y":[0,0]},"t":35,"s":[73.947,96.036]},{"i":{"x":[0.111,0.111],"y":[1,1]},"o":{"x":[0.167,0.167],"y":[0,0]},"t":76,"s":[145.436,188.983]},{"i":{"x":[0,0],"y":[1,1]},"o":{"x":[0.167,0.167],"y":[0,0]},"t":110,"s":[145.436,188.983]},{"i":{"x":[0.833,0.833],"y":[1,1]},"o":{"x":[0.167,0.167],"y":[0,0]},"t":150,"s":[87.786,114.071]},{"i":{"x":[0,0],"y":[1,1]},"o":{"x":[0.167,0.167],"y":[0,0]},"t":187,"s":[87.786,114.071]},{"t":223,"s":[73.947,96.036]}],"ix":3},"r":{"a":0,"k":0,"ix":6},"o":{"a":0,"k":100,"ix":7},"sk":{"a":0,"k":0,"ix":4},"sa":{"a":0,"k":0,"ix":5},"nm":"Transform"}],"nm":"Ellipse 1","np":3,"cix":2,"bm":0,"ix":1,"mn":"ADBE Vector Group","hd":false},{"ty":"gr","it":[{"ty":"rc","d":1,"s":{"a":0,"k":[129.011,66.93],"ix":2},"p":{"a":0,"k":[0,0],"ix":3},"r":{"a":0,"k":0,"ix":4},"nm":"Rectangle Path 1","mn":"ADBE Vector Shape - Rect","hd":false},{"ty":"fl","c":{"a":0,"k":[0.2,0.854901960784,0.929411764706,1],"ix":4},"o":{"a":0,"k":100,"ix":5},"r":1,"bm":0,"nm":"Fill 1","mn":"ADBE Vector Graphic - Fill","hd":false},{"ty":"tr","p":{"a":1,"k":[{"i":{"x":0.111,"y":1},"o":{"x":0.167,"y":0},"t":35,"s":[374.512,52.13],"to":[-30.964,-1.508],"ti":[30.964,1.508]},{"i":{"x":0.111,"y":0.111},"o":{"x":0.167,"y":0.167},"t":76,"s":[188.73,43.082],"to":[0,0],"ti":[0,0]},{"i":{"x":0,"y":1},"o":{"x":0.168,"y":0},"t":110,"s":[188.73,43.082],"to":[3.807,0.642],"ti":[-7.052,-4.581]},{"i":{"x":0.835,"y":1},"o":{"x":0.167,"y":0},"t":150,"s":[218.306,48.072],"to":[30.964,20.115],"ti":[-7.052,-4.581]},{"i":{"x":0,"y":1},"o":{"x":0.167,"y":0},"t":187,"s":[218.306,48.072],"to":[30.964,20.115],"ti":[-26.034,-0.676]},{"t":223,"s":[374.512,52.13]}],"ix":2},"a":{"a":0,"k":[59.02,0.016],"ix":1},"s":{"a":1,"k":[{"i":{"x":[0.111,0.111],"y":[1,1]},"o":{"x":[0.167,0.167],"y":[0,0]},"t":35,"s":[192.703,56.482]},{"i":{"x":[0.111,0.111],"y":[1,1]},"o":{"x":[0.167,0.167],"y":[0,0]},"t":76,"s":[47.63,425.783]},{"i":{"x":[0,0],"y":[1,1]},"o":{"x":[0.167,0.167],"y":[0,0]},"t":110,"s":[47.63,425.783]},{"i":{"x":[0.833,0.833],"y":[1,1]},"o":{"x":[0.167,0.167],"y":[0,0]},"t":150,"s":[47.63,509.638]},{"i":{"x":[0,0],"y":[1,1]},"o":{"x":[0.167,0.167],"y":[0,0]},"t":187,"s":[47.63,509.638]},{"t":223,"s":[192.703,56.482]}],"ix":3},"r":{"a":1,"k":[{"i":{"x":[0.111],"y":[1]},"o":{"x":[0.167],"y":[0]},"t":35,"s":[-90]},{"i":{"x":[0.111],"y":[1]},"o":{"x":[0.167],"y":[0]},"t":76,"s":[-90.137]},{"i":{"x":[0],"y":[1]},"o":{"x":[0.167],"y":[0]},"t":110,"s":[-90.137]},{"i":{"x":[0.833],"y":[1]},"o":{"x":[0.167],"y":[0]},"t":150,"s":[-90.137]},{"i":{"x":[0],"y":[1]},"o":{"x":[0.167],"y":[0]},"t":187,"s":[-90.137]},{"t":223,"s":[-90]}],"ix":6},"o":{"a":0,"k":100,"ix":7},"sk":{"a":0,"k":0,"ix":4},"sa":{"a":0,"k":0,"ix":5},"nm":"Transform"}],"nm":"Rectangle 4","np":3,"cix":2,"bm":0,"ix":2,"mn":"ADBE Vector Group","hd":false},{"ty":"gr","it":[{"ty":"rc","d":1,"s":{"a":0,"k":[129.011,66.93],"ix":2},"p":{"a":0,"k":[0,0],"ix":3},"r":{"a":0,"k":0,"ix":4},"nm":"Rectangle Path 1","mn":"ADBE Vector Shape - Rect","hd":false},{"ty":"fl","c":{"a":0,"k":[0.058823529411764705,0.23921568627450981,0.34901960784313724,1],"ix":4},"o":{"a":0,"k":100,"ix":5},"r":1,"bm":0,"nm":"Fill 1","mn":"ADBE Vector Graphic - Fill","hd":false},{"ty":"tr","p":{"a":1,"k":[{"i":{"x":0.111,"y":1},"o":{"x":0.167,"y":0},"t":35,"s":[144.878,167.282],"to":[0.581,6.756],"ti":[-0.581,-6.756]},{"i":{"x":0.111,"y":0.111},"o":{"x":0.167,"y":0.167},"t":76,"s":[148.365,207.816],"to":[0,0],"ti":[0,0]},{"i":{"x":0,"y":0},"o":{"x":0.167,"y":0.167},"t":110,"s":[148.365,207.816],"to":[0,0],"ti":[0,0]},{"i":{"x":0.111,"y":0.111},"o":{"x":0.167,"y":0.167},"t":150,"s":[148.365,207.816],"to":[0,0],"ti":[0,0]},{"i":{"x":0,"y":1},"o":{"x":0.167,"y":0},"t":187,"s":[148.365,207.816],"to":[-0.581,-6.756],"ti":[0.581,6.756]},{"t":223,"s":[144.878,167.282]}],"ix":2},"a":{"a":0,"k":[0,-33.256],"ix":1},"s":{"a":1,"k":[{"i":{"x":[0.111,0.111],"y":[1,1]},"o":{"x":[0.167,0.167],"y":[0,0]},"t":35,"s":[184.529,124.728]},{"i":{"x":[0.111,0.111],"y":[1,1]},"o":{"x":[0.167,0.167],"y":[0,0]},"t":76,"s":[116.192,124.728]},{"i":{"x":[0,0],"y":[1,1]},"o":{"x":[0.167,0.167],"y":[0,0]},"t":110,"s":[116.192,124.728]},{"i":{"x":[0.833,0.833],"y":[1,1]},"o":{"x":[0.167,0.167],"y":[0,0]},"t":150,"s":[116.192,124.728]},{"i":{"x":[0,0],"y":[1,1]},"o":{"x":[0.167,0.167],"y":[0,0]},"t":187,"s":[116.192,124.728]},{"t":223,"s":[184.529,124.728]}],"ix":3},"r":{"a":1,"k":[{"i":{"x":[0.658],"y":[1]},"o":{"x":[0.167],"y":[0]},"t":35,"s":[-90]},{"t":223,"s":[-90]}],"ix":6},"o":{"a":0,"k":100,"ix":7},"sk":{"a":0,"k":0,"ix":4},"sa":{"a":0,"k":0,"ix":5},"nm":"Transform"}],"nm":"Rectangle 3","np":3,"cix":2,"bm":0,"ix":3,"mn":"ADBE Vector Group","hd":false},{"ty":"gr","it":[{"ty":"rc","d":1,"s":{"a":0,"k":[129.011,66.93],"ix":2},"p":{"a":0,"k":[0,0],"ix":3},"r":{"a":0,"k":0,"ix":4},"nm":"Rectangle Path 1","mn":"ADBE Vector Shape - Rect","hd":false},{"ty":"fl","c":{"a":0,"k":[0.058823529411764705,0.23921568627450981,0.34901960784313724,1],"ix":4},"o":{"a":0,"k":100,"ix":5},"r":1,"bm":0,"nm":"Fill 1","mn":"ADBE Vector Graphic - Fill","hd":false},{"ty":"tr","p":{"a":1,"k":[{"i":{"x":0.111,"y":1},"o":{"x":0.167,"y":0},"t":35,"s":[41.768,166.579],"to":[0.669,6.756],"ti":[-0.669,-6.756]},{"i":{"x":0.111,"y":0.111},"o":{"x":0.167,"y":0.167},"t":76,"s":[45.781,207.114],"to":[0,0],"ti":[0,0]},{"i":{"x":0,"y":0},"o":{"x":0.167,"y":0.167},"t":110,"s":[45.781,207.114],"to":[0,0],"ti":[0,0]},{"i":{"x":0.111,"y":0.111},"o":{"x":0.167,"y":0.167},"t":150,"s":[45.781,207.114],"to":[0,0],"ti":[0,0]},{"i":{"x":0,"y":1},"o":{"x":0.167,"y":0},"t":187,"s":[45.781,207.114],"to":[-0.669,-6.756],"ti":[0.669,6.756]},{"t":223,"s":[41.768,166.579]}],"ix":2},"a":{"a":0,"k":[0,-36.928],"ix":1},"s":{"a":1,"k":[{"i":{"x":[0.111,0.111],"y":[1,1]},"o":{"x":[0.167,0.167],"y":[0,0]},"t":35,"s":[182.703,113.754]},{"i":{"x":[0.111,0.111],"y":[1,1]},"o":{"x":[0.167,0.167],"y":[0,0]},"t":76,"s":[114.366,113.754]},{"i":{"x":[0,0],"y":[1,1]},"o":{"x":[0.167,0.167],"y":[0,0]},"t":110,"s":[114.366,113.754]},{"i":{"x":[0.833,0.833],"y":[1,1]},"o":{"x":[0.167,0.167],"y":[0,0]},"t":150,"s":[114.366,113.754]},{"i":{"x":[0,0],"y":[1,1]},"o":{"x":[0.167,0.167],"y":[0,0]},"t":187,"s":[114.366,113.754]},{"t":223,"s":[182.703,113.754]}],"ix":3},"r":{"a":1,"k":[{"i":{"x":[0.658],"y":[1]},"o":{"x":[0.167],"y":[0]},"t":35,"s":[-90]},{"t":223,"s":[-90]}],"ix":6},"o":{"a":0,"k":100,"ix":7},"sk":{"a":0,"k":0,"ix":4},"sa":{"a":0,"k":0,"ix":5},"nm":"Transform"}],"nm":"Rectangle 2","np":3,"cix":2,"bm":0,"ix":4,"mn":"ADBE Vector Group","hd":false},{"ty":"gr","it":[{"ty":"rc","d":1,"s":{"a":0,"k":[129.011,66.93],"ix":2},"p":{"a":0,"k":[0,0],"ix":3},"r":{"a":0,"k":0,"ix":4},"nm":"Rectangle Path 1","mn":"ADBE Vector Shape - Rect","hd":false},{"ty":"fl","c":{"a":0,"k":[0.058823529411764705,0.23921568627450981,0.34901960784313724,1],"ix":4},"o":{"a":0,"k":100,"ix":5},"r":1,"bm":0,"nm":"Fill 1","mn":"ADBE Vector Graphic - Fill","hd":false},{"ty":"tr","p":{"a":1,"k":[{"i":{"x":0.111,"y":1},"o":{"x":0.167,"y":0},"t":35,"s":[254.885,166.05],"to":[-21.453,11.755],"ti":[0,0]},{"i":{"x":0.111,"y":0.111},"o":{"x":0.167,"y":0.167},"t":76,"s":[255.449,206.584],"to":[0,0],"ti":[0,0]},{"i":{"x":0,"y":0},"o":{"x":0.167,"y":0.167},"t":110,"s":[255.449,206.584],"to":[0,0],"ti":[0,0]},{"i":{"x":0.111,"y":0.111},"o":{"x":0.167,"y":0.167},"t":150,"s":[255.449,206.584],"to":[0,0],"ti":[0,0]},{"i":{"x":0,"y":1},"o":{"x":0.167,"y":0},"t":187,"s":[255.449,206.584],"to":[0,0],"ti":[0,0]},{"t":223,"s":[254.885,166.05]}],"ix":2},"a":{"a":0,"k":[0,-34.36],"ix":1},"s":{"a":1,"k":[{"i":{"x":[0.111,0.111],"y":[1,1]},"o":{"x":[0.167,0.167],"y":[0,0]},"t":35,"s":[185.79,112.217]},{"i":{"x":[0.111,0.111],"y":[1,1]},"o":{"x":[0.167,0.167],"y":[0,0]},"t":76,"s":[117.453,112.217]},{"i":{"x":[0,0],"y":[1,1]},"o":{"x":[0.167,0.167],"y":[0,0]},"t":110,"s":[117.453,112.217]},{"i":{"x":[0.833,0.833],"y":[1,1]},"o":{"x":[0.167,0.167],"y":[0,0]},"t":150,"s":[117.453,197.23]},{"i":{"x":[0,0],"y":[1,1]},"o":{"x":[0.167,0.167],"y":[0,0]},"t":187,"s":[117.453,197.23]},{"t":223,"s":[185.79,112.217]}],"ix":3},"r":{"a":1,"k":[{"i":{"x":[0.658],"y":[1]},"o":{"x":[0.167],"y":[0]},"t":35,"s":[-90]},{"t":223,"s":[-90]}],"ix":6},"o":{"a":0,"k":100,"ix":7},"sk":{"a":0,"k":0,"ix":4},"sa":{"a":0,"k":0,"ix":5},"nm":"Transform"}],"nm":"Rectangle 1","np":3,"cix":2,"bm":0,"ix":5,"mn":"ADBE Vector Group","hd":false},{"ty":"gr","it":[{"ind":0,"ty":"sh","ix":1,"ks":{"a":0,"k":{"i":[[22.092,0],[0,0],[0,-22.091],[0,0],[-22.091,0],[0,0],[0,22.091],[0,0]],"o":[[0,0],[-22.091,0],[0,0],[0,22.091],[0,0],[22.092,0],[0,0],[0,-22.091]],"v":[[222.245,-165.6],[-222.245,-165.6],[-262.245,-125.6],[-262.245,125.6],[-222.245,165.6],[222.245,165.6],[262.245,125.6],[262.245,-125.6]],"c":true},"ix":2},"nm":"Path 1","mn":"ADBE Vector Shape - Group","hd":false},{"ind":1,"ty":"sh","ix":2,"ks":{"a":0,"k":{"i":[[0,0],[0,-11.881],[0,0],[11.882,0],[0,0],[0,11.882],[0,0],[-11.881,0]],"o":[[11.882,0],[0,0],[0,11.882],[0,0],[-11.881,0],[0,0],[0,-11.881],[0,0]],"v":[[222.245,-147.147],[243.792,-125.6],[243.792,125.6],[222.245,147.147],[-222.245,147.147],[-243.792,125.6],[-243.792,-125.6],[-222.245,-147.147]],"c":true},"ix":2},"nm":"Path 2","mn":"ADBE Vector Shape - Group","hd":false},{"ty":"mm","mm":1,"nm":"Merge Paths 1","mn":"ADBE Vector Filter - Merge","hd":false},{"ty":"fl","c":{"a":0,"k":[0.356862745098,0.282352941176,0.462745098039,1],"ix":4},"o":{"a":0,"k":100,"ix":5},"r":1,"bm":0,"nm":"Fill 1","mn":"ADBE Vector Graphic - Fill","hd":false},{"ty":"tr","p":{"a":0,"k":[262.495,165.85],"ix":2},"a":{"a":0,"k":[0,0],"ix":1},"s":{"a":0,"k":[100,100],"ix":3},"r":{"a":0,"k":0,"ix":6},"o":{"a":0,"k":100,"ix":7},"sk":{"a":0,"k":0,"ix":4},"sa":{"a":0,"k":0,"ix":5},"nm":"Transform"}],"nm":"Group 1","np":4,"cix":2,"bm":0,"ix":6,"mn":"ADBE Vector Group","hd":false},{"ty":"gr","it":[{"ind":0,"ty":"sh","ix":1,"ks":{"a":0,"k":{"i":[[0,0],[0,16.968],[0,0],[-16.969,0],[0,0],[0,-16.968],[0,0],[16.969,0]],"o":[[-16.969,0],[0,0],[0,-16.968],[0,0],[16.969,0],[0,0],[0,16.968],[0,0]],"v":[[-222.244,156.374],[-253.018,125.6],[-253.018,-125.6],[-222.244,-156.374],[222.244,-156.374],[253.018,-125.6],[253.018,125.6],[222.244,156.374]],"c":true},"ix":2},"nm":"Path 1","mn":"ADBE Vector Shape - Group","hd":false},{"ty":"fl","c":{"a":0,"k":[1,1,1,1],"ix":4},"o":{"a":0,"k":100,"ix":5},"r":1,"bm":0,"nm":"Fill 1","mn":"ADBE Vector Graphic - Fill","hd":false},{"ty":"tr","p":{"a":0,"k":[261.034,167.142],"ix":2},"a":{"a":0,"k":[0,0],"ix":1},"s":{"a":0,"k":[100,100],"ix":3},"r":{"a":0,"k":0,"ix":6},"o":{"a":0,"k":100,"ix":7},"sk":{"a":0,"k":0,"ix":4},"sa":{"a":0,"k":0,"ix":5},"nm":"Transform"}],"nm":"Group 2","np":2,"cix":2,"bm":0,"ix":7,"mn":"ADBE Vector Group","hd":false}],"ip":0,"op":150,"st":0,"bm":0},{"ddd":0,"ind":3,"ty":4,"nm":"PC Outlines 2","sr":1,"ks":{"o":{"a":0,"k":100,"ix":11},"r":{"a":0,"k":180,"ix":10},"p":{"a":0,"k":[373.926,955.593,0],"ix":2},"a":{"a":0,"k":[262.495,165.85,0],"ix":1},"s":{"a":0,"k":[66,66,100],"ix":6}},"ao":0,"shapes":[{"ty":"gr","it":[{"d":1,"ty":"el","s":{"a":0,"k":[81.545,81.545],"ix":2},"p":{"a":0,"k":[0,0],"ix":3},"nm":"Ellipse Path 1","mn":"ADBE Vector Shape - Ellipse","hd":false},{"ty":"fl","c":{"a":0,"k":[0.00392156862745098,0.6823529411764706,0.9411764705882353,1],"ix":4},"o":{"a":0,"k":100,"ix":5},"r":1,"bm":0,"nm":"Fill 1","mn":"ADBE Vector Graphic - Fill","hd":false},{"ty":"tr","p":{"a":1,"k":[{"i":{"x":0,"y":1},"o":{"x":0.333,"y":0},"t":35,"s":[104.082,241.709],"to":[28.972,2.983],"ti":[-28.972,-2.983]},{"i":{"x":0,"y":0},"o":{"x":0.167,"y":0.167},"t":76,"s":[277.914,259.607],"to":[0,0],"ti":[0,0]},{"i":{"x":0.039,"y":1},"o":{"x":0.167,"y":0},"t":110,"s":[277.914,259.607],"to":[27.68,0],"ti":[-27.68,0]},{"i":{"x":0,"y":0},"o":{"x":0.167,"y":0.167},"t":150,"s":[443.995,259.607],"to":[0,0],"ti":[0,0]},{"i":{"x":0,"y":1},"o":{"x":0.167,"y":0},"t":189,"s":[443.995,259.607],"to":[-56.652,-2.983],"ti":[56.652,2.983]},{"t":230,"s":[104.082,241.709]}],"ix":2},"a":{"a":0,"k":[0,0],"ix":1},"s":{"a":1,"k":[{"i":{"x":[0,0],"y":[1,1]},"o":{"x":[0.167,0.167],"y":[0,0]},"t":35,"s":[111.116,104.839]},{"i":{"x":[0.833,0.833],"y":[1,1]},"o":{"x":[0.167,0.167],"y":[0,0]},"t":76,"s":[73.947,69.77]},{"i":{"x":[0.206,0.206],"y":[1,1]},"o":{"x":[0.167,0.167],"y":[0,0]},"t":110,"s":[73.947,69.77]},{"i":{"x":[0.833,0.833],"y":[1,1]},"o":{"x":[0.167,0.167],"y":[0,0]},"t":150,"s":[73.947,69.77]},{"i":{"x":[0,0],"y":[1,1]},"o":{"x":[0.167,0.167],"y":[0,0]},"t":189,"s":[73.947,69.77]},{"t":230,"s":[111.116,104.839]}],"ix":3},"r":{"a":0,"k":0,"ix":6},"o":{"a":0,"k":100,"ix":7},"sk":{"a":0,"k":0,"ix":4},"sa":{"a":0,"k":0,"ix":5},"nm":"Transform"}],"nm":"Ellipse 1","np":3,"cix":2,"bm":0,"ix":1,"mn":"ADBE Vector Group","hd":false},{"ty":"gr","it":[{"ty":"rc","d":1,"s":{"a":0,"k":[129.011,66.93],"ix":2},"p":{"a":0,"k":[0,0],"ix":3},"r":{"a":0,"k":0,"ix":4},"nm":"Rectangle Path 1","mn":"ADBE Vector Shape - Rect","hd":false},{"ty":"fl","c":{"a":0,"k":[0.2,0.854901960784,0.929411764706,1],"ix":4},"o":{"a":0,"k":100,"ix":5},"r":1,"bm":0,"nm":"Fill 1","mn":"ADBE Vector Graphic - Fill","hd":false},{"ty":"tr","p":{"a":1,"k":[{"i":{"x":0,"y":1},"o":{"x":0.333,"y":0},"t":35,"s":[267.527,170.24],"to":[11.907,7.164],"ti":[-11.907,-7.164]},{"i":{"x":0,"y":0},"o":{"x":0.167,"y":0.167},"t":76,"s":[338.969,213.225],"to":[0,0],"ti":[0,0]},{"i":{"x":0.039,"y":1},"o":{"x":0.167,"y":0},"t":110,"s":[338.969,213.225],"to":[0.003,-0.266],"ti":[-0.003,0.266]},{"i":{"x":0.667,"y":0.667},"o":{"x":0.167,"y":0.167},"t":150,"s":[338.989,211.63],"to":[0,0],"ti":[0,0]},{"i":{"x":0.044,"y":1},"o":{"x":0.167,"y":0},"t":189,"s":[338.989,211.63],"to":[-11.91,-6.898],"ti":[11.91,6.898]},{"t":230,"s":[267.527,170.24]}],"ix":2},"a":{"a":0,"k":[0.01,32.51],"ix":1},"s":{"a":1,"k":[{"i":{"x":[0,0],"y":[1,1]},"o":{"x":[0.333,0.333],"y":[0,0]},"t":35,"s":[318.035,56.482]},{"i":{"x":[0,0],"y":[1,1]},"o":{"x":[0.167,0.167],"y":[0,0]},"t":76,"s":[212.193,56.482]},{"i":{"x":[0.039,0.039],"y":[1,1]},"o":{"x":[0.167,0.167],"y":[0,0]},"t":110,"s":[212.193,56.482]},{"i":{"x":[0.667,0.667],"y":[1,1]},"o":{"x":[0.167,0.167],"y":[0,0]},"t":150,"s":[212.193,167]},{"i":{"x":[0.044,0.044],"y":[1,1]},"o":{"x":[0.167,0.167],"y":[0,0]},"t":189,"s":[212.193,167]},{"t":230,"s":[318.035,56.482]}],"ix":3},"r":{"a":1,"k":[{"i":{"x":[0.833],"y":[1]},"o":{"x":[0.167],"y":[0]},"t":76,"s":[0]},{"i":{"x":[0.206],"y":[1]},"o":{"x":[0.167],"y":[0]},"t":110,"s":[0]},{"i":{"x":[0.833],"y":[1]},"o":{"x":[0.167],"y":[0]},"t":150,"s":[0]},{"t":189,"s":[0]}],"ix":6},"o":{"a":0,"k":100,"ix":7},"sk":{"a":0,"k":0,"ix":4},"sa":{"a":0,"k":0,"ix":5},"nm":"Transform"}],"nm":"Rectangle 4","np":3,"cix":2,"bm":0,"ix":2,"mn":"ADBE Vector Group","hd":false},{"ty":"gr","it":[{"ty":"rc","d":1,"s":{"a":0,"k":[129.011,66.93],"ix":2},"p":{"a":0,"k":[0,0],"ix":3},"r":{"a":0,"k":0,"ix":4},"nm":"Rectangle Path 1","mn":"ADBE Vector Shape - Rect","hd":false},{"ty":"fl","c":{"a":0,"k":[0.058823529411764705,0.23921568627450981,0.34901960784313724,1],"ix":4},"o":{"a":0,"k":100,"ix":5},"r":1,"bm":0,"nm":"Fill 1","mn":"ADBE Vector Graphic - Fill","hd":false},{"ty":"tr","p":{"a":1,"k":[{"i":{"x":0,"y":1},"o":{"x":0.333,"y":0},"t":35,"s":[263.719,51.276],"to":[-24.571,1.145],"ti":[24.571,-1.145]},{"i":{"x":0,"y":0},"o":{"x":0.167,"y":0.167},"t":76,"s":[116.296,58.146],"to":[0,0],"ti":[0,0]},{"i":{"x":0.039,"y":1},"o":{"x":0.167,"y":0},"t":110,"s":[116.296,58.146],"to":[-0.04,-0.2],"ti":[0.04,0.2]},{"i":{"x":0.667,"y":0.667},"o":{"x":0.167,"y":0.167},"t":150,"s":[116.055,56.944],"to":[0,0],"ti":[0,0]},{"i":{"x":0.044,"y":1},"o":{"x":0.167,"y":0},"t":189,"s":[116.055,56.944],"to":[24.611,-0.945],"ti":[-24.611,0.945]},{"t":230,"s":[263.719,51.276]}],"ix":2},"a":{"a":0,"k":[0,-31.389],"ix":1},"s":{"a":1,"k":[{"i":{"x":[0.833,0.833],"y":[1,1]},"o":{"x":[0.167,0.167],"y":[0,0]},"t":76,"s":[84.296,100]},{"i":{"x":[0.206,0.206],"y":[1,1]},"o":{"x":[0.167,0.167],"y":[0,0]},"t":110,"s":[84.296,100]},{"i":{"x":[0.833,0.833],"y":[1,1]},"o":{"x":[0.167,0.167],"y":[0,0]},"t":150,"s":[84.987,169.23]},{"i":{"x":[0.044,0.044],"y":[1,1]},"o":{"x":[0.167,0.167],"y":[0,0]},"t":189,"s":[84.987,169.23]},{"t":230,"s":[82.372,98.458]}],"ix":3},"r":{"a":1,"k":[{"i":{"x":[0.833],"y":[1]},"o":{"x":[0.167],"y":[0]},"t":76,"s":[0]},{"i":{"x":[0.206],"y":[1]},"o":{"x":[0.167],"y":[0]},"t":110,"s":[0]},{"i":{"x":[0.833],"y":[1]},"o":{"x":[0.167],"y":[0]},"t":150,"s":[0]},{"t":189,"s":[0]}],"ix":6},"o":{"a":0,"k":100,"ix":7},"sk":{"a":0,"k":0,"ix":4},"sa":{"a":0,"k":0,"ix":5},"nm":"Transform"}],"nm":"Rectangle 3","np":3,"cix":2,"bm":0,"ix":3,"mn":"ADBE Vector Group","hd":false},{"ty":"gr","it":[{"ty":"rc","d":1,"s":{"a":0,"k":[129.011,66.93],"ix":2},"p":{"a":0,"k":[0,0],"ix":3},"r":{"a":0,"k":0,"ix":4},"nm":"Rectangle Path 1","mn":"ADBE Vector Shape - Rect","hd":false},{"ty":"fl","c":{"a":0,"k":[0.058823529411764705,0.23921568627450981,0.34901960784313724,1],"ix":4},"o":{"a":0,"k":100,"ix":5},"r":1,"bm":0,"nm":"Fill 1","mn":"ADBE Vector Graphic - Fill","hd":false},{"ty":"tr","p":{"a":1,"k":[{"i":{"x":0,"y":1},"o":{"x":0.333,"y":0},"t":35,"s":[116.857,112.607],"to":[0,16.356],"ti":[0,-16.356]},{"i":{"x":0,"y":0},"o":{"x":0.167,"y":0.167},"t":76,"s":[116.857,210.743],"to":[0,0],"ti":[0,0]},{"i":{"x":0.039,"y":1},"o":{"x":0.167,"y":0},"t":110,"s":[116.857,210.743],"to":[0,0.119],"ti":[0,-0.119]},{"i":{"x":0.667,"y":0.667},"o":{"x":0.167,"y":0.167},"t":150,"s":[116.857,211.46],"to":[0,0],"ti":[0,0]},{"i":{"x":0.044,"y":1},"o":{"x":0.167,"y":0},"t":189,"s":[116.857,211.46],"to":[0,-16.475],"ti":[0,16.475]},{"t":230,"s":[116.857,112.607]}],"ix":2},"a":{"a":0,"k":[0,30.566],"ix":1},"s":{"a":1,"k":[{"i":{"x":[0.833,0.833],"y":[1,1]},"o":{"x":[0.167,0.167],"y":[0,0]},"t":76,"s":[85.058,100]},{"i":{"x":[0.206,0.206],"y":[1,1]},"o":{"x":[0.167,0.167],"y":[0,0]},"t":110,"s":[85.058,100]},{"i":{"x":[0.833,0.833],"y":[1,1]},"o":{"x":[0.167,0.167],"y":[0,0]},"t":150,"s":[85.058,48.8]},{"i":{"x":[0.044,0.044],"y":[1,1]},"o":{"x":[0.167,0.167],"y":[0,0]},"t":189,"s":[85.058,48.8]},{"t":230,"s":[85.058,98.357]}],"ix":3},"r":{"a":1,"k":[{"i":{"x":[0.833],"y":[1]},"o":{"x":[0.167],"y":[0]},"t":76,"s":[0]},{"i":{"x":[0.206],"y":[1]},"o":{"x":[0.167],"y":[0]},"t":110,"s":[0]},{"i":{"x":[0.833],"y":[1]},"o":{"x":[0.167],"y":[0]},"t":150,"s":[0]},{"t":189,"s":[0]}],"ix":6},"o":{"a":0,"k":100,"ix":7},"sk":{"a":0,"k":0,"ix":4},"sa":{"a":0,"k":0,"ix":5},"nm":"Transform"}],"nm":"Rectangle 2","np":3,"cix":2,"bm":0,"ix":4,"mn":"ADBE Vector Group","hd":false},{"ty":"gr","it":[{"ty":"rc","d":1,"s":{"a":0,"k":[129.011,66.93],"ix":2},"p":{"a":0,"k":[0,0],"ix":3},"r":{"a":0,"k":0,"ix":4},"nm":"Rectangle Path 1","mn":"ADBE Vector Shape - Rect","hd":false},{"ty":"fl","c":{"a":0,"k":[0.058823529411764705,0.23921568627450981,0.34901960784313724,1],"ix":4},"o":{"a":0,"k":100,"ix":5},"r":1,"bm":0,"nm":"Fill 1","mn":"ADBE Vector Graphic - Fill","hd":false},{"ty":"tr","p":{"a":1,"k":[{"i":{"x":0,"y":1},"o":{"x":0.333,"y":0},"t":35,"s":[413.948,51.216],"to":[-12.562,1.309],"ti":[12.562,-1.309]},{"i":{"x":0,"y":0},"o":{"x":0.167,"y":0.167},"t":76,"s":[338.576,59.068],"to":[0,0],"ti":[0,0]},{"i":{"x":0.039,"y":1},"o":{"x":0.167,"y":0},"t":110,"s":[338.576,59.068],"to":[0.086,-0.679],"ti":[-0.086,0.679]},{"i":{"x":0.667,"y":0.667},"o":{"x":0.167,"y":0.167},"t":150,"s":[339.094,54.996],"to":[0,0],"ti":[0,0]},{"i":{"x":0.044,"y":1},"o":{"x":0.167,"y":0},"t":189,"s":[339.094,54.996],"to":[12.476,-0.63],"ti":[-12.476,0.63]},{"t":230,"s":[413.948,51.216]}],"ix":2},"a":{"a":0,"k":[-0.508,-31.802],"ix":1},"s":{"a":1,"k":[{"i":{"x":[0,0],"y":[1,1]},"o":{"x":[0.167,0.167],"y":[0,0]},"t":35,"s":[82.372,98.458]},{"i":{"x":[0,0],"y":[1,1]},"o":{"x":[0.167,0.167],"y":[0,0]},"t":76,"s":[213.236,163.05]},{"i":{"x":[0.039,0.039],"y":[1,1]},"o":{"x":[0.167,0.167],"y":[0,0]},"t":110,"s":[213.236,163.05]},{"i":{"x":[0.667,0.667],"y":[1,1]},"o":{"x":[0.167,0.167],"y":[0,0]},"t":150,"s":[213.236,40.098]},{"i":{"x":[0.044,0.044],"y":[1,1]},"o":{"x":[0.167,0.167],"y":[0,0]},"t":189,"s":[213.236,40.098]},{"t":230,"s":[84.498,99.111]}],"ix":3},"r":{"a":1,"k":[{"i":{"x":[0.833],"y":[1]},"o":{"x":[0.167],"y":[0]},"t":76,"s":[0]},{"t":110,"s":[0]}],"ix":6},"o":{"a":0,"k":100,"ix":7},"sk":{"a":0,"k":0,"ix":4},"sa":{"a":0,"k":0,"ix":5},"nm":"Transform"}],"nm":"Rectangle 1","np":3,"cix":2,"bm":0,"ix":5,"mn":"ADBE Vector Group","hd":false},{"ty":"gr","it":[{"ind":0,"ty":"sh","ix":1,"ks":{"a":0,"k":{"i":[[22.092,0],[0,0],[0,-22.091],[0,0],[-22.091,0],[0,0],[0,22.091],[0,0]],"o":[[0,0],[-22.091,0],[0,0],[0,22.091],[0,0],[22.092,0],[0,0],[0,-22.091]],"v":[[222.245,-165.6],[-222.245,-165.6],[-262.245,-125.6],[-262.245,125.6],[-222.245,165.6],[222.245,165.6],[262.245,125.6],[262.245,-125.6]],"c":true},"ix":2},"nm":"Path 1","mn":"ADBE Vector Shape - Group","hd":false},{"ind":1,"ty":"sh","ix":2,"ks":{"a":0,"k":{"i":[[0,0],[0,-11.881],[0,0],[11.882,0],[0,0],[0,11.882],[0,0],[-11.881,0]],"o":[[11.882,0],[0,0],[0,11.882],[0,0],[-11.881,0],[0,0],[0,-11.881],[0,0]],"v":[[222.245,-147.147],[243.792,-125.6],[243.792,125.6],[222.245,147.147],[-222.245,147.147],[-243.792,125.6],[-243.792,-125.6],[-222.245,-147.147]],"c":true},"ix":2},"nm":"Path 2","mn":"ADBE Vector Shape - Group","hd":false},{"ty":"mm","mm":1,"nm":"Merge Paths 1","mn":"ADBE Vector Filter - Merge","hd":false},{"ty":"fl","c":{"a":0,"k":[0.356862745098,0.282352941176,0.462745098039,1],"ix":4},"o":{"a":0,"k":100,"ix":5},"r":1,"bm":0,"nm":"Fill 1","mn":"ADBE Vector Graphic - Fill","hd":false},{"ty":"tr","p":{"a":0,"k":[262.495,165.85],"ix":2},"a":{"a":0,"k":[0,0],"ix":1},"s":{"a":0,"k":[100,100],"ix":3},"r":{"a":0,"k":0,"ix":6},"o":{"a":0,"k":100,"ix":7},"sk":{"a":0,"k":0,"ix":4},"sa":{"a":0,"k":0,"ix":5},"nm":"Transform"}],"nm":"Group 1","np":4,"cix":2,"bm":0,"ix":6,"mn":"ADBE Vector Group","hd":false},{"ty":"gr","it":[{"ind":0,"ty":"sh","ix":1,"ks":{"a":0,"k":{"i":[[0,0],[0,16.968],[0,0],[-16.969,0],[0,0],[0,-16.968],[0,0],[16.969,0]],"o":[[-16.969,0],[0,0],[0,-16.968],[0,0],[16.969,0],[0,0],[0,16.968],[0,0]],"v":[[-222.244,156.374],[-253.018,125.6],[-253.018,-125.6],[-222.244,-156.374],[222.244,-156.374],[253.018,-125.6],[253.018,125.6],[222.244,156.374]],"c":true},"ix":2},"nm":"Path 1","mn":"ADBE Vector Shape - Group","hd":false},{"ty":"fl","c":{"a":0,"k":[1,1,1,1],"ix":4},"o":{"a":0,"k":100,"ix":5},"r":1,"bm":0,"nm":"Fill 1","mn":"ADBE Vector Graphic - Fill","hd":false},{"ty":"tr","p":{"a":0,"k":[261.034,167.142],"ix":2},"a":{"a":0,"k":[0,0],"ix":1},"s":{"a":0,"k":[100,100],"ix":3},"r":{"a":0,"k":0,"ix":6},"o":{"a":0,"k":100,"ix":7},"sk":{"a":0,"k":0,"ix":4},"sa":{"a":0,"k":0,"ix":5},"nm":"Transform"}],"nm":"Group 2","np":2,"cix":2,"bm":0,"ix":7,"mn":"ADBE Vector Group","hd":false},{"ty":"gr","it":[{"ty":"tr","p":{"a":0,"k":[0,0],"ix":2},"a":{"a":0,"k":[0,0],"ix":1},"s":{"a":0,"k":[85.058,98.357],"ix":3},"r":{"a":0,"k":0,"ix":6},"o":{"a":0,"k":100,"ix":7},"sk":{"a":0,"k":0,"ix":4},"sa":{"a":0,"k":0,"ix":5},"nm":"Transform"}],"nm":"Group 3","np":0,"cix":2,"bm":0,"ix":8,"mn":"ADBE Vector Group","hd":false},{"ty":"gr","it":[{"ty":"tr","p":{"a":0,"k":[0,0],"ix":2},"a":{"a":0,"k":[0,0],"ix":1},"s":{"a":0,"k":[84.498,99.111],"ix":3},"r":{"a":0,"k":0,"ix":6},"o":{"a":0,"k":100,"ix":7},"sk":{"a":0,"k":0,"ix":4},"sa":{"a":0,"k":0,"ix":5},"nm":"Transform"}],"nm":"Group 4","np":0,"cix":2,"bm":0,"ix":9,"mn":"ADBE Vector Group","hd":false}],"ip":0,"op":5483,"st":0,"bm":0},{"ddd":0,"ind":4,"ty":4,"nm":"PC Outlines","sr":1,"ks":{"o":{"a":0,"k":100,"ix":11},"r":{"a":0,"k":180,"ix":10},"p":{"a":0,"k":[649.926,783.593,0],"ix":2},"a":{"a":0,"k":[262.495,165.85,0],"ix":1},"s":{"a":0,"k":[132,132,100],"ix":6}},"ao":0,"shapes":[{"ty":"gr","it":[{"d":1,"ty":"el","s":{"a":0,"k":[81.545,81.545],"ix":2},"p":{"a":0,"k":[0,0],"ix":3},"nm":"Ellipse Path 1","mn":"ADBE Vector Shape - Ellipse","hd":false},{"ty":"fl","c":{"a":0,"k":[0.00392156862745098,0.6823529411764706,0.9411764705882353,1],"ix":4},"o":{"a":0,"k":100,"ix":5},"r":1,"bm":0,"nm":"Fill 1","mn":"ADBE Vector Graphic - Fill","hd":false},{"ty":"tr","p":{"a":1,"k":[{"i":{"x":0,"y":1},"o":{"x":0.333,"y":0},"t":35,"s":[422.557,240.741],"to":[-24.107,3.144],"ti":[24.107,-3.144]},{"i":{"x":0.667,"y":0.667},"o":{"x":0.167,"y":0.167},"t":76,"s":[277.914,259.607],"to":[0,0],"ti":[0,0]},{"i":{"x":0,"y":1},"o":{"x":0.167,"y":0},"t":110,"s":[277.914,259.607],"to":[-26.428,0],"ti":[26.428,0]},{"i":{"x":0.667,"y":0.667},"o":{"x":0.167,"y":0.167},"t":150,"s":[119.344,259.607],"to":[0,0],"ti":[0,0]},{"i":{"x":0,"y":1},"o":{"x":0.167,"y":0},"t":189,"s":[119.344,259.607],"to":[50.536,-3.144],"ti":[-50.536,3.144]},{"t":230,"s":[422.557,240.741]}],"ix":2},"a":{"a":0,"k":[0,0],"ix":1},"s":{"a":1,"k":[{"i":{"x":[0.083,0.083],"y":[1,1]},"o":{"x":[0.167,0.167],"y":[0,0]},"t":35,"s":[126.233,119.103]},{"i":{"x":[0.833,0.833],"y":[1,1]},"o":{"x":[0.167,0.167],"y":[0,0]},"t":76,"s":[73.947,69.77]},{"i":{"x":[0.164,0.164],"y":[1,1]},"o":{"x":[0.167,0.167],"y":[0,0]},"t":110,"s":[73.947,69.77]},{"i":{"x":[0.833,0.833],"y":[1,1]},"o":{"x":[0.167,0.167],"y":[0,0]},"t":150,"s":[73.947,69.77]},{"i":{"x":[0,0],"y":[1,1]},"o":{"x":[0.167,0.167],"y":[0,0]},"t":189,"s":[73.947,69.77]},{"t":230,"s":[126.233,119.103]}],"ix":3},"r":{"a":0,"k":0,"ix":6},"o":{"a":0,"k":100,"ix":7},"sk":{"a":0,"k":0,"ix":4},"sa":{"a":0,"k":0,"ix":5},"nm":"Transform"}],"nm":"Ellipse 1","np":3,"cix":2,"bm":0,"ix":1,"mn":"ADBE Vector Group","hd":false},{"ty":"gr","it":[{"ty":"rc","d":1,"s":{"a":0,"k":[129.011,66.93],"ix":2},"p":{"a":0,"k":[0,0],"ix":3},"r":{"a":0,"k":0,"ix":4},"nm":"Rectangle Path 1","mn":"ADBE Vector Shape - Rect","hd":false},{"ty":"fl","c":{"a":0,"k":[0.2,0.854901960784,0.929411764706,1],"ix":4},"o":{"a":0,"k":100,"ix":5},"r":1,"bm":0,"nm":"Fill 1","mn":"ADBE Vector Graphic - Fill","hd":false},{"ty":"tr","p":{"a":1,"k":[{"i":{"x":0,"y":1},"o":{"x":0.333,"y":0},"t":35,"s":[267.527,170.24],"to":[11.907,7.24],"ti":[-11.907,-7.24]},{"i":{"x":0.667,"y":0.667},"o":{"x":0.167,"y":0.167},"t":76,"s":[338.969,213.68],"to":[0,0],"ti":[0,0]},{"i":{"x":0,"y":1},"o":{"x":0.167,"y":0},"t":110,"s":[338.969,213.68],"to":[0,-0.297],"ti":[0,0.297]},{"i":{"x":0.667,"y":0.667},"o":{"x":0.167,"y":0.167},"t":150,"s":[338.969,211.899],"to":[0,0],"ti":[0,0]},{"i":{"x":0.182,"y":1},"o":{"x":0.167,"y":0},"t":189,"s":[338.969,211.899],"to":[-11.907,-6.943],"ti":[11.907,6.943]},{"t":230,"s":[267.527,170.24]}],"ix":2},"a":{"a":0,"k":[0,32.987],"ix":1},"s":{"a":1,"k":[{"i":{"x":[0,0],"y":[1,1]},"o":{"x":[0.333,0.333],"y":[0,0]},"t":35,"s":[318.035,56.482]},{"i":{"x":[0.667,0.667],"y":[1,1]},"o":{"x":[0.167,0.167],"y":[0,0]},"t":76,"s":[212.193,56.482]},{"i":{"x":[0,0],"y":[1,1]},"o":{"x":[0.167,0.167],"y":[0,0]},"t":110,"s":[212.193,56.482]},{"i":{"x":[0.667,0.667],"y":[1,1]},"o":{"x":[0.167,0.167],"y":[0,0]},"t":150,"s":[212.193,173.963]},{"i":{"x":[0.182,0.182],"y":[1,1]},"o":{"x":[0.167,0.167],"y":[0,0]},"t":189,"s":[212.193,173.963]},{"t":230,"s":[318.035,56.482]}],"ix":3},"r":{"a":1,"k":[{"i":{"x":[0.833],"y":[1]},"o":{"x":[0.167],"y":[0]},"t":76,"s":[0]},{"i":{"x":[0.164],"y":[1]},"o":{"x":[0.167],"y":[0]},"t":110,"s":[0]},{"i":{"x":[0.833],"y":[1]},"o":{"x":[0.167],"y":[0]},"t":150,"s":[0]},{"t":189,"s":[0]}],"ix":6},"o":{"a":0,"k":100,"ix":7},"sk":{"a":0,"k":0,"ix":4},"sa":{"a":0,"k":0,"ix":5},"nm":"Transform"}],"nm":"Rectangle 4","np":3,"cix":2,"bm":0,"ix":2,"mn":"ADBE Vector Group","hd":false},{"ty":"gr","it":[{"ty":"rc","d":1,"s":{"a":0,"k":[129.011,66.93],"ix":2},"p":{"a":0,"k":[0,0],"ix":3},"r":{"a":0,"k":0,"ix":4},"nm":"Rectangle Path 1","mn":"ADBE Vector Shape - Rect","hd":false},{"ty":"fl","c":{"a":0,"k":[0.058823529411764705,0.23921568627450981,0.34901960784313724,1],"ix":4},"o":{"a":0,"k":100,"ix":5},"r":1,"bm":0,"nm":"Fill 1","mn":"ADBE Vector Graphic - Fill","hd":false},{"ty":"tr","p":{"a":1,"k":[{"i":{"x":0,"y":1},"o":{"x":0.333,"y":0},"t":35,"s":[263.719,39.151],"to":[-24.611,2.093],"ti":[24.611,-2.093]},{"i":{"x":0.667,"y":0.667},"o":{"x":0.167,"y":0.167},"t":76,"s":[116.055,51.709],"to":[0,0],"ti":[0,0]},{"i":{"x":0,"y":1},"o":{"x":0.167,"y":0},"t":110,"s":[116.055,51.709],"to":[0.138,0.311],"ti":[-0.138,-0.311]},{"i":{"x":0.667,"y":0.667},"o":{"x":0.167,"y":0.167},"t":150,"s":[116.881,53.574],"to":[0,0],"ti":[0,0]},{"i":{"x":0.182,"y":1},"o":{"x":0.167,"y":0},"t":189,"s":[116.881,53.574],"to":[24.473,-2.404],"ti":[-24.473,2.404]},{"t":230,"s":[263.719,39.151]}],"ix":2},"a":{"a":0,"k":[0,-34.76],"ix":1},"s":{"a":1,"k":[{"i":{"x":[0,0],"y":[1,1]},"o":{"x":[0.167,0.167],"y":[0,0]},"t":35,"s":[82.372,100]},{"i":{"x":[0.833,0.833],"y":[1,1]},"o":{"x":[0.167,0.167],"y":[0,0]},"t":76,"s":[82.372,100]},{"i":{"x":[0.164,0.164],"y":[1,1]},"o":{"x":[0.167,0.167],"y":[0,0]},"t":110,"s":[82.372,100]},{"i":{"x":[0.833,0.833],"y":[1,1]},"o":{"x":[0.167,0.167],"y":[0,0]},"t":150,"s":[85.467,170.547]},{"i":{"x":[0.182,0.182],"y":[1,1]},"o":{"x":[0.167,0.167],"y":[0,0]},"t":189,"s":[85.467,170.547]},{"t":230,"s":[82.372,100]}],"ix":3},"r":{"a":1,"k":[{"i":{"x":[0.833],"y":[1]},"o":{"x":[0.167],"y":[0]},"t":76,"s":[0]},{"i":{"x":[0.164],"y":[1]},"o":{"x":[0.167],"y":[0]},"t":110,"s":[0]},{"i":{"x":[0.833],"y":[1]},"o":{"x":[0.167],"y":[0]},"t":150,"s":[0]},{"t":189,"s":[0]}],"ix":6},"o":{"a":0,"k":100,"ix":7},"sk":{"a":0,"k":0,"ix":4},"sa":{"a":0,"k":0,"ix":5},"nm":"Transform"}],"nm":"Rectangle 3","np":3,"cix":2,"bm":0,"ix":3,"mn":"ADBE Vector Group","hd":false},{"ty":"gr","it":[{"ty":"rc","d":1,"s":{"a":0,"k":[129.011,66.93],"ix":2},"p":{"a":0,"k":[0,0],"ix":3},"r":{"a":0,"k":0,"ix":4},"nm":"Rectangle Path 1","mn":"ADBE Vector Shape - Rect","hd":false},{"ty":"fl","c":{"a":0,"k":[0.058823529411764705,0.23921568627450981,0.34901960784313724,1],"ix":4},"o":{"a":0,"k":100,"ix":5},"r":1,"bm":0,"nm":"Fill 1","mn":"ADBE Vector Graphic - Fill","hd":false},{"ty":"tr","p":{"a":1,"k":[{"i":{"x":0,"y":1},"o":{"x":0.333,"y":0},"t":35,"s":[116.857,107.6],"to":[0,17.53],"ti":[0,-17.53]},{"i":{"x":0.667,"y":0.667},"o":{"x":0.167,"y":0.167},"t":76,"s":[116.857,212.782],"to":[0,0],"ti":[0,0]},{"i":{"x":0,"y":1},"o":{"x":0.167,"y":0},"t":110,"s":[116.857,212.782],"to":[0,0.123],"ti":[0,-0.123]},{"i":{"x":0.667,"y":0.667},"o":{"x":0.167,"y":0.167},"t":150,"s":[116.857,213.519],"to":[0,0],"ti":[0,0]},{"i":{"x":0.182,"y":1},"o":{"x":0.167,"y":0},"t":189,"s":[116.857,213.519],"to":[0,-17.653],"ti":[0,17.653]},{"t":230,"s":[116.857,107.6]}],"ix":2},"a":{"a":0,"k":[0,32.626],"ix":1},"s":{"a":1,"k":[{"i":{"x":[0,0],"y":[1,1]},"o":{"x":[0.167,0.167],"y":[0,0]},"t":35,"s":[85.058,100]},{"i":{"x":[0.833,0.833],"y":[1,1]},"o":{"x":[0.167,0.167],"y":[0,0]},"t":76,"s":[85.058,100]},{"i":{"x":[0.164,0.164],"y":[1,1]},"o":{"x":[0.167,0.167],"y":[0,0]},"t":110,"s":[85.058,100]},{"i":{"x":[0.833,0.833],"y":[1,1]},"o":{"x":[0.167,0.167],"y":[0,0]},"t":150,"s":[85.058,42.439]},{"i":{"x":[0.182,0.182],"y":[1,1]},"o":{"x":[0.167,0.167],"y":[0,0]},"t":189,"s":[85.058,42.439]},{"t":230,"s":[85.058,100]}],"ix":3},"r":{"a":1,"k":[{"i":{"x":[0.833],"y":[1]},"o":{"x":[0.167],"y":[0]},"t":76,"s":[0]},{"i":{"x":[0.164],"y":[1]},"o":{"x":[0.167],"y":[0]},"t":110,"s":[0]},{"i":{"x":[0.833],"y":[1]},"o":{"x":[0.167],"y":[0]},"t":150,"s":[0]},{"t":189,"s":[0]}],"ix":6},"o":{"a":0,"k":100,"ix":7},"sk":{"a":0,"k":0,"ix":4},"sa":{"a":0,"k":0,"ix":5},"nm":"Transform"}],"nm":"Rectangle 2","np":3,"cix":2,"bm":0,"ix":4,"mn":"ADBE Vector Group","hd":false},{"ty":"gr","it":[{"ty":"rc","d":1,"s":{"a":0,"k":[129.011,66.93],"ix":2},"p":{"a":0,"k":[0,0],"ix":3},"r":{"a":0,"k":0,"ix":4},"nm":"Rectangle Path 1","mn":"ADBE Vector Shape - Rect","hd":false},{"ty":"fl","c":{"a":0,"k":[0.058823529411764705,0.23921568627450981,0.34901960784313724,1],"ix":4},"o":{"a":0,"k":100,"ix":5},"r":1,"bm":0,"nm":"Fill 1","mn":"ADBE Vector Graphic - Fill","hd":false},{"ty":"tr","p":{"a":1,"k":[{"i":{"x":0,"y":1},"o":{"x":0.333,"y":0},"t":35,"s":[417.224,41.4],"to":[-12.841,1.809],"ti":[12.841,-1.809]},{"i":{"x":0.667,"y":0.667},"o":{"x":0.167,"y":0.167},"t":76,"s":[340.177,52.253],"to":[0,0],"ti":[0,0]},{"i":{"x":0,"y":1},"o":{"x":0.167,"y":0},"t":110,"s":[340.177,52.253],"to":[0,-0.835],"ti":[0,0.835]},{"i":{"x":0.667,"y":0.667},"o":{"x":0.167,"y":0.167},"t":150,"s":[340.177,47.243],"to":[0,0],"ti":[0,0]},{"i":{"x":0.182,"y":1},"o":{"x":0.167,"y":0},"t":189,"s":[340.177,47.243],"to":[12.841,-0.974],"ti":[-12.841,0.974]},{"t":230,"s":[417.224,41.4]}],"ix":2},"a":{"a":0,"k":[0,-32.952],"ix":1},"s":{"a":1,"k":[{"i":{"x":[0,0],"y":[1,1]},"o":{"x":[0.333,0.333],"y":[0,0]},"t":35,"s":[84.498,99.111]},{"i":{"x":[0.667,0.667],"y":[1,1]},"o":{"x":[0.167,0.167],"y":[0,0]},"t":76,"s":[213.236,163.05]},{"i":{"x":[0,0],"y":[1,1]},"o":{"x":[0.167,0.167],"y":[0,0]},"t":110,"s":[213.236,163.05]},{"i":{"x":[0.667,0.667],"y":[1,1]},"o":{"x":[0.167,0.167],"y":[0,0]},"t":150,"s":[213.236,45.842]},{"i":{"x":[0.182,0.182],"y":[1,1]},"o":{"x":[0.167,0.167],"y":[0,0]},"t":189,"s":[213.236,45.842]},{"t":230,"s":[84.498,99.111]}],"ix":3},"r":{"a":1,"k":[{"i":{"x":[0.833],"y":[1]},"o":{"x":[0.167],"y":[0]},"t":76,"s":[0]},{"i":{"x":[0.164],"y":[1]},"o":{"x":[0.167],"y":[0]},"t":110,"s":[0]},{"i":{"x":[0.833],"y":[1]},"o":{"x":[0.167],"y":[0]},"t":150,"s":[0]},{"t":189,"s":[0]}],"ix":6},"o":{"a":0,"k":100,"ix":7},"sk":{"a":0,"k":0,"ix":4},"sa":{"a":0,"k":0,"ix":5},"nm":"Transform"}],"nm":"Rectangle 1","np":3,"cix":2,"bm":0,"ix":5,"mn":"ADBE Vector Group","hd":false},{"ty":"gr","it":[{"ind":0,"ty":"sh","ix":1,"ks":{"a":0,"k":{"i":[[22.092,0],[0,0],[0,-22.091],[0,0],[-22.091,0],[0,0],[0,22.091],[0,0]],"o":[[0,0],[-22.091,0],[0,0],[0,22.091],[0,0],[22.092,0],[0,0],[0,-22.091]],"v":[[222.245,-165.6],[-222.245,-165.6],[-262.245,-125.6],[-262.245,125.6],[-222.245,165.6],[222.245,165.6],[262.245,125.6],[262.245,-125.6]],"c":true},"ix":2},"nm":"Path 1","mn":"ADBE Vector Shape - Group","hd":false},{"ind":1,"ty":"sh","ix":2,"ks":{"a":0,"k":{"i":[[0,0],[0,-11.881],[0,0],[11.882,0],[0,0],[0,11.882],[0,0],[-11.881,0]],"o":[[11.882,0],[0,0],[0,11.882],[0,0],[-11.881,0],[0,0],[0,-11.881],[0,0]],"v":[[222.245,-147.147],[243.792,-125.6],[243.792,125.6],[222.245,147.147],[-222.245,147.147],[-243.792,125.6],[-243.792,-125.6],[-222.245,-147.147]],"c":true},"ix":2},"nm":"Path 2","mn":"ADBE Vector Shape - Group","hd":false},{"ty":"mm","mm":1,"nm":"Merge Paths 1","mn":"ADBE Vector Filter - Merge","hd":false},{"ty":"fl","c":{"a":0,"k":[0.356862745098,0.282352941176,0.462745098039,1],"ix":4},"o":{"a":0,"k":100,"ix":5},"r":1,"bm":0,"nm":"Fill 1","mn":"ADBE Vector Graphic - Fill","hd":false},{"ty":"tr","p":{"a":0,"k":[262.495,165.85],"ix":2},"a":{"a":0,"k":[0,0],"ix":1},"s":{"a":0,"k":[100,100],"ix":3},"r":{"a":0,"k":0,"ix":6},"o":{"a":0,"k":100,"ix":7},"sk":{"a":0,"k":0,"ix":4},"sa":{"a":0,"k":0,"ix":5},"nm":"Transform"}],"nm":"Group 1","np":4,"cix":2,"bm":0,"ix":6,"mn":"ADBE Vector Group","hd":false},{"ty":"gr","it":[{"ind":0,"ty":"sh","ix":1,"ks":{"a":0,"k":{"i":[[0,0],[0,16.968],[0,0],[-16.969,0],[0,0],[0,-16.968],[0,0],[16.969,0]],"o":[[-16.969,0],[0,0],[0,-16.968],[0,0],[16.969,0],[0,0],[0,16.968],[0,0]],"v":[[-222.244,156.374],[-253.018,125.6],[-253.018,-125.6],[-222.244,-156.374],[222.244,-156.374],[253.018,-125.6],[253.018,125.6],[222.244,156.374]],"c":true},"ix":2},"nm":"Path 1","mn":"ADBE Vector Shape - Group","hd":false},{"ty":"fl","c":{"a":0,"k":[1,1,1,1],"ix":4},"o":{"a":0,"k":100,"ix":5},"r":1,"bm":0,"nm":"Fill 1","mn":"ADBE Vector Graphic - Fill","hd":false},{"ty":"tr","p":{"a":0,"k":[261.034,167.142],"ix":2},"a":{"a":0,"k":[0,0],"ix":1},"s":{"a":0,"k":[100,100],"ix":3},"r":{"a":0,"k":0,"ix":6},"o":{"a":0,"k":100,"ix":7},"sk":{"a":0,"k":0,"ix":4},"sa":{"a":0,"k":0,"ix":5},"nm":"Transform"}],"nm":"Group 2","np":2,"cix":2,"bm":0,"ix":7,"mn":"ADBE Vector Group","hd":false}],"ip":0,"op":5483,"st":0,"bm":0},{"ddd":0,"ind":5,"ty":4,"nm":"Layer 2 Outlines","sr":1,"ks":{"o":{"a":0,"k":100,"ix":11},"r":{"a":0,"k":0,"ix":10},"p":{"a":0,"k":[1105.378,546.044,0],"ix":2},"a":{"a":0,"k":[144.613,99.877,0],"ix":1},"s":{"a":0,"k":[100,100,100],"ix":6}},"ao":0,"shapes":[{"ty":"gr","it":[{"ind":0,"ty":"sh","ix":1,"ks":{"a":0,"k":{"i":[[39,9],[124,11],[-52.098,-1.406],[0.003,0.008]],"o":[[-141.098,-32.561],[-44.824,-3.976],[83.899,2.264],[83.631,-40.983]],"v":[[109.623,-76.044],[-99.377,79.956],[-80.279,97.362],[55.756,64.752]],"c":true},"ix":2},"nm":"Path 1","mn":"ADBE Vector Shape - Group","hd":false},{"ty":"fl","c":{"a":0,"k":[0.858734130859,0.852172851563,0.975128173828,1],"ix":4},"o":{"a":0,"k":100,"ix":5},"r":1,"bm":0,"nm":"Fill 1","mn":"ADBE Vector Graphic - Fill","hd":false},{"ty":"tr","p":{"a":0,"k":[144.612,99.877],"ix":2},"a":{"a":0,"k":[0,0],"ix":1},"s":{"a":0,"k":[100,100],"ix":3},"r":{"a":0,"k":0,"ix":6},"o":{"a":0,"k":100,"ix":7},"sk":{"a":0,"k":0,"ix":4},"sa":{"a":0,"k":0,"ix":5},"nm":"Transform"}],"nm":"Group 1","np":2,"cix":2,"bm":0,"ix":1,"mn":"ADBE Vector Group","hd":false}],"ip":5483,"op":5483,"st":0,"bm":0,"hidden":0},{"ddd":0,"ind":6,"ty":4,"nm":"Layer 1 Outlines 2","sr":1,"ks":{"o":{"a":0,"k":100,"ix":11},"r":{"a":0,"k":0,"ix":10},"p":{"a":0,"k":[941.855,494.76199999999994,0],"ix":2},"a":{"a":0,"k":[314.012,365.396,0],"ix":1},"s":{"a":0,"k":[100,100,100],"ix":6}},"ao":0,"shapes":[{"ty":"gr","it":[{"ind":0,"ty":"sh","ix":1,"ks":{"a":0,"k":{"i":[[0,0],[6.02,-24.583],[0,0]],"o":[[0,0],[-6.02,24.583],[0,0]],"v":[[-26.99,-35.5],[27.03,8.417],[-29.99,35.5]],"c":false},"ix":2},"nm":"Path 1","mn":"ADBE Vector Shape - Group","hd":false},{"ty":"st","c":{"a":0,"k":[0.136999990426,0.122000002394,0.125,1],"ix":3},"o":{"a":0,"k":100,"ix":4},"w":{"a":0,"k":9.955,"ix":5},"lc":2,"lj":1,"ml":10,"bm":0,"nm":"Stroke 1","mn":"ADBE Vector Graphic - Stroke","hd":false},{"ty":"tr","p":{"a":0,"k":[573.147,236.134],"ix":2},"a":{"a":0,"k":[0,0],"ix":1},"s":{"a":0,"k":[100,100],"ix":3},"r":{"a":0,"k":0,"ix":6},"o":{"a":0,"k":100,"ix":7},"sk":{"a":0,"k":0,"ix":4},"sa":{"a":0,"k":0,"ix":5},"nm":"Transform"}],"nm":"Group 1","np":2,"cix":2,"bm":0,"ix":1,"mn":"ADBE Vector Group","hd":false},{"ty":"gr","it":[{"ind":0,"ty":"sh","ix":1,"ks":{"a":1,"k":[{"i":{"x":0.667,"y":1},"o":{"x":0.333,"y":0},"t":0,"s":[{"i":[[0,0],[62.5,1.5],[0,0],[0,0.797],[0,0],[0,0]],"o":[[0,0],[-54.542,-1.309],[-0.717,0.348],[0,0],[0,0],[0,0]],"v":[[216.5,20.952],[43.5,-26.048],[-158.95,36.198],[-160.5,35.228],[-160.5,14.952],[-160.5,-8.048]],"c":false}]},{"i":{"x":0.667,"y":1},"o":{"x":0.333,"y":0},"t":38,"s":[{"i":[[0,0],[59.5,1.5],[0,0],[0,0.797],[0,0],[0,0]],"o":[[0,0],[-59.5,-1.5],[-0.717,0.348],[0,0],[0,0],[0,0]],"v":[[216.5,20.952],[43.5,-26.048],[-158.95,36.198],[-160.5,35.228],[-164.5,13.952],[-168,-8.048]],"c":false}]},{"i":{"x":0.667,"y":1},"o":{"x":0.333,"y":0},"t":78,"s":[{"i":[[0,0],[62.5,1.5],[0,0],[0,0.797],[0,0],[0,0]],"o":[[0,0],[-54.542,-1.309],[-0.717,0.348],[0,0],[0,0],[0,0]],"v":[[216.5,20.952],[43.5,-26.048],[-158.95,36.198],[-160.5,35.228],[-160.5,14.952],[-160.5,-8.048]],"c":false}]},{"i":{"x":0.667,"y":1},"o":{"x":0.333,"y":0},"t":119,"s":[{"i":[[0,0],[59.5,1.5],[0,0],[0,0.797],[0,0],[0,0]],"o":[[0,0],[-59.5,-1.5],[-0.717,0.348],[0,0],[0,0],[0,0]],"v":[[216.5,20.952],[43.5,-26.048],[-158.95,36.198],[-160.5,35.228],[-164.5,13.952],[-168,-8.048]],"c":false}]},{"i":{"x":0.667,"y":1},"o":{"x":0.167,"y":0},"t":160,"s":[{"i":[[0,0],[62.5,1.5],[0,0],[0,0.797],[0,0],[0,0]],"o":[[0,0],[-54.542,-1.309],[-0.717,0.348],[0,0],[0,0],[0,0]],"v":[[216.5,20.952],[43.5,-26.048],[-158.95,36.198],[-160.5,35.228],[-160.5,14.952],[-160.5,-8.048]],"c":false}]},{"i":{"x":0.667,"y":1},"o":{"x":0.333,"y":0},"t":195,"s":[{"i":[[0,0],[59.5,1.5],[0,0],[0,0.797],[0,0],[0,0]],"o":[[0,0],[-59.5,-1.5],[-0.717,0.348],[0,0],[0,0],[0,0]],"v":[[216.5,20.952],[43.5,-26.048],[-158.95,36.198],[-160.5,35.228],[-164.5,13.952],[-168,-8.048]],"c":false}]},{"t":235,"s":[{"i":[[0,0],[62.5,1.5],[0,0],[0,0.797],[0,0],[0,0]],"o":[[0,0],[-54.542,-1.309],[-0.717,0.348],[0,0],[0,0],[0,0]],"v":[[216.5,20.952],[43.5,-26.048],[-158.95,36.198],[-160.5,35.228],[-160.5,14.952],[-160.5,-8.048]],"c":false}]}],"ix":2},"nm":"Path 1","mn":"ADBE Vector Shape - Group","hd":false},{"ty":"st","c":{"a":0,"k":[0.136999990426,0.122000002394,0.125,1],"ix":3},"o":{"a":0,"k":100,"ix":4},"w":{"a":0,"k":10.663,"ix":5},"lc":2,"lj":1,"ml":10,"bm":0,"nm":"Stroke 1","mn":"ADBE Vector Graphic - Stroke","hd":false},{"ty":"tr","p":{"a":0,"k":[274.157,395.183],"ix":2},"a":{"a":0,"k":[0,0],"ix":1},"s":{"a":0,"k":[100,100],"ix":3},"r":{"a":0,"k":0,"ix":6},"o":{"a":0,"k":100,"ix":7},"sk":{"a":0,"k":0,"ix":4},"sa":{"a":0,"k":0,"ix":5},"nm":"Transform"}],"nm":"Group 2","np":2,"cix":2,"bm":0,"ix":2,"mn":"ADBE Vector Group","hd":false},{"ty":"gr","it":[{"ind":0,"ty":"sh","ix":1,"ks":{"a":0,"k":{"i":[[0,0],[3.672,-0.115],[-3.861,2.279],[-1.709,0.187]],"o":[[0,0],[-3.672,0.114],[4.539,-2.678],[1.709,-0.186]],"v":[[8.402,-2.7],[-6.583,3.937],[-4.979,0.226],[7.738,-3.925]],"c":true},"ix":2},"nm":"Path 1","mn":"ADBE Vector Shape - Group","hd":false},{"ty":"fl","c":{"a":0,"k":[0.136999990426,0.122000002394,0.125,1],"ix":4},"o":{"a":0,"k":100,"ix":5},"r":1,"bm":0,"nm":"Fill 1","mn":"ADBE Vector Graphic - Fill","hd":false},{"ty":"tr","p":{"a":0,"k":[433.346,144.762],"ix":2},"a":{"a":0,"k":[0,0],"ix":1},"s":{"a":0,"k":[100,100],"ix":3},"r":{"a":0,"k":3.855,"ix":6},"o":{"a":0,"k":100,"ix":7},"sk":{"a":0,"k":0,"ix":4},"sa":{"a":0,"k":0,"ix":5},"nm":"Transform"}],"nm":"Group 3","np":2,"cix":2,"bm":0,"ix":3,"mn":"ADBE Vector Group","hd":false},{"ty":"gr","it":[{"ind":0,"ty":"sh","ix":1,"ks":{"a":0,"k":{"i":[[0.272,0.978],[0.187,1.194],[0.097,0.825],[0.048,0.826],[-0.122,4.098],[-0.395,5.075],[-0.288,2.803],[-0.172,1.45],[-0.091,0.723],[-0.048,0.364],[-0.022,0.17],[0.008,-0.058],[-0.017,0.122],[-1.264,5.991],[-1.833,5.956],[-1.06,2.861],[-0.566,1.39],[-0.131,0.315],[0.199,-0.468],[-0.054,0.126],[-0.305,0.681],[-3.165,4.653],[-0.389,0.533],[-0.197,0.261],[-0.092,0.121],[-0.008,0.009],[-0.066,0.085],[-0.86,0.97],[-1.918,1.627],[-0.49,0.386],[-0.397,0.299],[-0.111,0.084],[-0.258,0.185],[-1.023,0.633],[-1.069,0.531],[-0.554,0.242],[0.65,-0.274],[-0.153,0.062],[-0.291,0.11],[-1.138,0.311],[0.58,1.793],[1.89,-0.515],[4.242,-3.321],[3.079,-4.298],[2.346,-5.052],[1.827,-5.887],[1.257,-6.131],[0.803,-6.344],[0.32,-5.915],[-0.057,-5.344],[-0.47,-4.373],[-0.123,-0.918],[-0.071,-0.477],[-0.028,-0.185],[0.025,0.179],[-0.021,-0.152],[-0.313,-1.379],[-0.155,-0.524]],"o":[[-0.324,-1.164],[-0.133,-0.844],[-0.095,-0.822],[-0.235,-4.095],[0.15,-5.087],[0.218,-2.81],[0.151,-1.453],[0.087,-0.724],[0.047,-0.363],[0.023,-0.17],[0.048,-0.364],[0.016,-0.122],[0.826,-6.066],[1.285,-6.097],[0.898,-2.915],[0.52,-1.406],[0.128,-0.315],[0.037,-0.089],[-0.185,0.436],[0.293,-0.685],[2.303,-5.129],[0.371,-0.545],[0.193,-0.264],[0.092,-0.121],[0.269,-0.356],[0.066,-0.084],[0.8,-1.021],[1.67,-1.881],[0.477,-0.404],[0.47,-0.37],[0.112,-0.084],[0.254,-0.19],[0.98,-0.699],[1.014,-0.628],[0.542,-0.27],[0.156,-0.069],[-0.662,0.28],[0.29,-0.118],[1.105,-0.416],[1.763,-0.48],[-0.585,-1.805],[-5.216,1.422],[-4.174,3.269],[-3.246,4.531],[-2.598,5.592],[-1.853,5.978],[-1.285,6.265],[-0.746,5.876],[-0.289,5.336],[0.046,4.398],[0.098,0.921],[0.063,0.478],[0.027,0.185],[-0.005,-0.031],[0.021,0.152],[0.19,1.401],[0.121,0.533],[0.287,0.967]],"v":[[-23.073,72.219],[-23.811,68.671],[-24.093,66.61],[-24.285,64.135],[-24.388,51.833],[-23.653,36.592],[-22.885,28.171],[-22.401,23.815],[-22.134,21.644],[-21.992,20.553],[-21.926,20.042],[-21.936,20.128],[-21.887,19.763],[-18.767,1.665],[-14.124,-16.437],[-11.194,-25.106],[-9.566,-29.3],[-9.177,-30.246],[-9.059,-30.531],[-8.94,-30.811],[-8.043,-32.859],[0.082,-47.627],[1.217,-49.248],[1.803,-50.035],[2.081,-50.398],[1.847,-50.095],[2.045,-50.35],[4.535,-53.339],[9.913,-58.624],[11.366,-59.807],[11.115,-59.613],[11.448,-59.865],[12.217,-60.427],[15.233,-62.4],[18.358,-64.141],[20.001,-64.909],[20.017,-64.919],[20.033,-64.923],[20.905,-65.266],[24.272,-66.35],[26.714,-70.649],[22.415,-73.089],[8.201,-65.825],[-2.567,-54.235],[-10.91,-39.79],[-17.504,-22.522],[-22.127,-4.331],[-25.223,14.597],[-26.869,32.297],[-27.236,48.322],[-26.431,61.502],[-26.098,64.262],[-25.898,65.696],[-25.814,66.25],[-25.79,66.417],[-25.729,66.871],[-25,71.049],[-24.59,72.637]],"c":true},"ix":2},"nm":"Path 1","mn":"ADBE Vector Shape - Group","hd":false},{"ty":"fl","c":{"a":0,"k":[0.136999990426,0.122000002394,0.125,1],"ix":4},"o":{"a":0,"k":100,"ix":5},"r":1,"bm":0,"nm":"Fill 1","mn":"ADBE Vector Graphic - Fill","hd":false},{"ty":"tr","p":{"a":0,"k":[481.267,82.344],"ix":2},"a":{"a":0,"k":[0,0],"ix":1},"s":{"a":0,"k":[100,100],"ix":3},"r":{"a":0,"k":19.658,"ix":6},"o":{"a":0,"k":100,"ix":7},"sk":{"a":0,"k":0,"ix":4},"sa":{"a":0,"k":0,"ix":5},"nm":"Transform"}],"nm":"Group 4","np":2,"cix":2,"bm":0,"ix":4,"mn":"ADBE Vector Group","hd":false},{"ty":"gr","it":[{"ind":0,"ty":"sh","ix":1,"ks":{"a":0,"k":{"i":[[0.204,-0.094],[1.403,-0.19],[0.829,-0.048],[0.162,0.003],[-0.206,-0.036],[0.052,0.002],[-0.041,-0.023],[-0.057,-0.059],[-0.006,-0.226],[-0.073,0.301],[-0.085,0.161],[-0.13,0.122],[-0.058,0.046],[-0.069,0.044],[-0.212,0.115],[-0.645,0.397],[-1.15,0.533],[-0.15,0.067],[0.354,-0.149],[-0.231,0.089],[-0.55,0.173],[-0.894,0.172],[0.699,-0.204],[-0.214,0.042],[-0.228,0.09],[-0.103,0.023],[-0.311,0.027],[-0.061,0.006],[-0.322,-0.085],[-0.276,-0.167],[0.107,0.374],[0.023,-0.39],[0.044,-0.159],[0.131,-0.285],[-0.822,-0.481],[-0.537,0.718],[0.51,0.872],[0.404,0.226],[0.259,0.062],[0.413,0.156],[0.721,-0.071],[0.647,-0.159],[1.257,-0.606],[1.287,-0.881],[0.905,-1.416],[-0.247,-0.877],[-0.917,-0.021],[-2.547,1.28]],"o":[[-1.289,0.592],[-0.911,0.124],[-0.161,0.01],[-0.071,-0.002],[0.218,0.038],[-0.17,-0.01],[-0.203,-0.116],[0.113,0.114],[-0.005,-0.189],[-0.093,0.386],[-0.158,0.3],[0.054,-0.05],[-0.26,0.204],[0.202,-0.131],[0.664,-0.362],[1.079,-0.665],[0.15,-0.07],[0.086,-0.038],[0.228,-0.096],[0.539,-0.208],[0.866,-0.273],[0.211,-0.04],[0.208,-0.061],[0.242,-0.047],[-0.735,0.293],[0.332,-0.074],[0.063,-0.005],[0.197,-0.02],[0.417,0.111],[-0.335,-0.202],[0.024,0.082],[0.03,-0.52],[-0.091,0.333],[-0.375,0.811],[0.846,0.494],[0.592,-0.79],[-0.237,-0.403],[-0.232,-0.128],[-0.541,-0.127],[-0.668,-0.251],[-0.663,0.065],[-1.358,0.334],[-1.406,0.677],[-1.373,0.938],[-0.457,0.715],[0.266,0.943],[3.054,0.07],[0.206,-0.103]],"v":[[0.77,1.826],[-3.312,2.871],[-5.976,3.208],[-6.459,3.219],[-6.745,3.206],[-6.94,3.148],[-6.8,3.206],[-6.708,3.289],[-6.466,3.9],[-6.468,3.995],[-6.404,3.948],[-6.245,3.813],[-6.07,3.672],[-6.029,3.652],[-5.422,3.276],[-3.461,2.146],[-0.115,0.344],[0.336,0.14],[0.459,0.081],[1.148,-0.195],[2.781,-0.761],[5.401,-1.469],[5.505,-1.498],[6.17,-1.584],[6.852,-1.847],[6.61,-1.744],[6.427,-1.733],[6.615,-1.723],[6.391,-1.747],[6.294,-1.79],[5.708,-2.551],[5.677,-2.704],[5.695,-2.943],[5.74,-3.026],[6.333,-0.763],[8.597,-1.357],[8.826,-4.12],[7.826,-5.068],[7.073,-5.375],[7.005,-5.35],[5.065,-5.695],[3.101,-5.365],[-0.802,-3.878],[-4.844,-1.527],[-8.411,1.865],[-9.089,4.302],[-6.995,5.695],[0.948,2.132]],"c":true},"ix":2},"nm":"Path 1","mn":"ADBE Vector Shape - Group","hd":false},{"ty":"fl","c":{"a":0,"k":[0.136999990426,0.122000002394,0.125,1],"ix":4},"o":{"a":0,"k":100,"ix":5},"r":1,"bm":0,"nm":"Fill 1","mn":"ADBE Vector Graphic - Fill","hd":false},{"ty":"tr","p":{"a":0,"k":[433.047,144.141],"ix":2},"a":{"a":0,"k":[0,0],"ix":1},"s":{"a":0,"k":[100,100],"ix":3},"r":{"a":0,"k":3.855,"ix":6},"o":{"a":0,"k":100,"ix":7},"sk":{"a":0,"k":0,"ix":4},"sa":{"a":0,"k":0,"ix":5},"nm":"Transform"}],"nm":"Group 5","np":2,"cix":2,"bm":0,"ix":5,"mn":"ADBE Vector Group","hd":false},{"ty":"gr","it":[{"ind":0,"ty":"sh","ix":1,"ks":{"a":0,"k":{"i":[[-11.231,-3.358],[11.674,-0.025],[11.392,-2.46],[19.703,-12.31],[13.854,-18.526],[5.934,-22.317],[-2.459,-22.903],[-11.22,-19.995],[-17.924,-14.269],[-21.891,-6.585],[0,0],[-22.494,2.813],[-19.716,11.265],[-8.581,7.435],[-7.033,8.889],[-4.891,10.207],[-2.791,11.001],[2.13,22.721],[0.312,2.839],[0.527,2.8],[1.42,5.523],[1.873,5.388],[2.313,5.216],[16.314,15.923],[2.068,1.963],[2.229,1.777],[2.261,1.746],[1.148,0.854],[1.204,0.773],[5.04,2.819],[5.293,2.555],[0,0],[-5.544,-2.048],[-5.184,-2.899],[-4.771,-3.56],[-2.339,-1.846],[-2.14,-2.07],[-10.064,-21.53],[-2.357,-23.626],[5.772,-23.192],[5.265,-10.794],[7.297,-9.48],[20.757,-11.827],[23.777,-2.908],[22.819,6.993],[0,0],[18.652,15.008],[11.49,21.015],[2.277,23.716],[-6.365,22.897],[-14.475,18.833],[-20.194,12.206],[-23.131,4.481],[-11.754,-0.31]],"o":[[-11.321,-3.044],[-11.68,0.04],[-22.796,4.941],[-19.668,12.356],[-13.853,18.526],[-5.892,22.332],[2.504,22.885],[11.255,19.992],[17.98,14.217],[0,0],[21.754,6.588],[22.507,-2.822],[9.825,-5.695],[8.648,-7.357],[6.925,-8.969],[1.008,-2.658],[5.555,-22.049],[-0.228,-2.846],[-0.448,-2.819],[-0.938,-5.623],[-1.429,-5.523],[-1.926,-5.373],[-9.403,-20.785],[-1.989,-2.042],[-2.155,-1.859],[-2.181,-1.839],[-1.129,-0.878],[-1.154,-0.846],[-4.709,-3.268],[-5.031,-2.857],[0,0],[5.752,1.149],[5.5,2.131],[5.202,2.859],[2.448,1.703],[2.251,1.947],[17.288,16.424],[10.051,21.549],[2.432,23.629],[-2.917,11.581],[-5.167,10.825],[-14.736,18.871],[-20.772,11.783],[-23.79,2.904],[0,0],[-22.936,-7.116],[-18.633,-15.028],[-11.456,-21.06],[-2.234,-23.739],[6.409,-22.881],[14.537,-18.817],[20.22,-12.193],[11.559,-2.247],[11.747,0.301]],"v":[[47.441,-182.046],[12.728,-186.422],[-21.992,-182.559],[-86.246,-156.075],[-137.444,-109.559],[-167.294,-47.445],[-172.579,21.171],[-151.98,86.441],[-107.406,138.255],[-46.901,169.908],[-46.894,169.887],[20.395,175.844],[84.491,154.178],[112.244,134.509],[135.751,109.974],[144.703,93.203],[165.208,49.261],[169.888,-18.601],[168.932,-27.114],[167.609,-35.577],[163.956,-52.283],[158.906,-68.63],[152.515,-84.506],[113.804,-140.448],[107.594,-146.315],[101.097,-151.87],[94.373,-157.164],[90.902,-159.678],[87.381,-162.132],[72.701,-171.171],[57.127,-179.038],[57.136,-179.07],[74.116,-174.257],[90.273,-166.882],[105.316,-157.313],[112.367,-151.828],[119.028,-145.876],[160.143,-88.008],[178.76,-19.477],[174.081,51.479],[133.993,103.212],[143.061,115.675],[89.08,162.206],[21.499,184.806],[-49.457,178.32],[-49.451,178.299],[-112.505,144.636],[-158.403,89.993],[-178.958,21.82],[-172.587,-48.888],[-141.073,-112.318],[-87.992,-158.914],[-22.365,-184.385],[12.74,-187.401]],"c":true},"ix":2},"nm":"Path 1","mn":"ADBE Vector Shape - Group","hd":false},{"ty":"fl","c":{"a":0,"k":[0.136999990426,0.122000002394,0.125,1],"ix":4},"o":{"a":0,"k":100,"ix":5},"r":1,"bm":0,"nm":"Fill 1","mn":"ADBE Vector Graphic - Fill","hd":false},{"ty":"tr","p":{"a":0,"k":[403.447,315.089],"ix":2},"a":{"a":0,"k":[0,0],"ix":1},"s":{"a":0,"k":[100,100],"ix":3},"r":{"a":0,"k":0,"ix":6},"o":{"a":0,"k":100,"ix":7},"sk":{"a":0,"k":0,"ix":4},"sa":{"a":0,"k":0,"ix":5},"nm":"Transform"}],"nm":"Group 6","np":2,"cix":2,"bm":0,"ix":6,"mn":"ADBE Vector Group","hd":false},{"ty":"gr","it":[{"ind":0,"ty":"sh","ix":1,"ks":{"a":0,"k":{"i":[[-42.887,-84.323],[84.323,-42.887],[42.886,84.322],[-84.303,42.924]],"o":[[42.887,84.323],[-84.323,42.886],[-42.887,-84.323],[104.464,-53.191]],"v":[[152.68,-72.169],[77.652,158.164],[-152.679,83.137],[-79.286,-147.858]],"c":true},"ix":2},"nm":"Path 1","mn":"ADBE Vector Shape - Group","hd":false},{"ty":"fl","c":{"a":0,"k":[0.00392156862745098,0.6823529411764706,0.9411764705882353,1],"ix":4},"o":{"a":0,"k":100,"ix":5},"r":1,"bm":0,"nm":"Fill 1","mn":"ADBE Vector Graphic - Fill","hd":false},{"ty":"tr","p":{"a":0,"k":[406.058,299.381],"ix":2},"a":{"a":0,"k":[0,0],"ix":1},"s":{"a":0,"k":[100,100],"ix":3},"r":{"a":0,"k":14.089,"ix":6},"o":{"a":0,"k":100,"ix":7},"sk":{"a":0,"k":0,"ix":4},"sa":{"a":0,"k":0,"ix":5},"nm":"Transform"}],"nm":"Group 7","np":2,"cix":2,"bm":0,"ix":7,"mn":"ADBE Vector Group","hd":false},{"ty":"gr","it":[{"ind":0,"ty":"sh","ix":1,"ks":{"a":0,"k":{"i":[[-14.728,37.873],[45.289,-23.034],[43.769,16.887],[0.043,0.014],[20.167,31.885],[-0.004,0.01],[0,0],[2.471,4.858],[-17.222,44.372],[-20.136,-39.593],[-84.322,42.887]],"o":[[2.356,48.933],[-45.11,22.943],[-0.043,-0.014],[-33.265,-12.869],[-0.01,-0.004],[0,0],[-2.852,-4.51],[-23.154,-45.525],[-10.548,39.85],[42.886,84.322],[39.063,-19.867]],"v":[[173.404,-32.696],[79.003,96.177],[-60.363,103.291],[-60.485,103.245],[-143.307,35.247],[-143.321,35.219],[-143.325,35.211],[-151.323,21.153],[-158.538,-120.613],[-145.316,2.695],[85.012,77.726]],"c":true},"ix":2},"nm":"Path 1","mn":"ADBE Vector Shape - Group","hd":false},{"ty":"fl","c":{"a":0,"k":[1,1,1,1],"ix":4},"o":{"a":0,"k":100,"ix":5},"r":1,"bm":0,"nm":"Fill 1","mn":"ADBE Vector Graphic - Fill","hd":false},{"ty":"tr","p":{"a":0,"k":[398.695,379.818],"ix":2},"a":{"a":0,"k":[0,0],"ix":1},"s":{"a":0,"k":[100,100],"ix":3},"r":{"a":0,"k":0,"ix":6},"o":{"a":0,"k":100,"ix":7},"sk":{"a":0,"k":0,"ix":4},"sa":{"a":0,"k":0,"ix":5},"nm":"Transform"}],"nm":"Group 8","np":2,"cix":2,"bm":0,"ix":8,"mn":"ADBE Vector Group","hd":false},{"ty":"gr","it":[{"ind":0,"ty":"sh","ix":1,"ks":{"a":0,"k":{"i":[[40.997,-0.082],[158.414,4.092],[3.288,78.314],[40.179,-4.849],[-152.098,0],[0.003,0.008]],"o":[[-48.4,0.097],[-44.984,-1.162],[-0.395,-9.39],[-37.668,4.547],[83.929,0],[83.631,-40.983]],"v":[[137.541,-61.703],[-52.873,59.205],[-141.459,-38.703],[-161.638,-93.854],[-20.361,98.703],[115.675,66.093]],"c":true},"ix":2},"nm":"Path 1","mn":"ADBE Vector Shape - Group","hd":false},{"ty":"fl","c":{"a":0,"k":[0.929000016755,0.925,1,1],"ix":4},"o":{"a":0,"k":100,"ix":5},"r":1,"bm":0,"nm":"Fill 1","mn":"ADBE Vector Graphic - Fill","hd":false},{"ty":"tr","p":{"a":0,"k":[417.616,415.338],"ix":2},"a":{"a":0,"k":[0,0],"ix":1},"s":{"a":0,"k":[100,100],"ix":3},"r":{"a":0,"k":0,"ix":6},"o":{"a":0,"k":100,"ix":7},"sk":{"a":0,"k":0,"ix":4},"sa":{"a":0,"k":0,"ix":5},"nm":"Transform"}],"nm":"Group 9","np":2,"cix":2,"bm":0,"ix":9,"mn":"ADBE Vector Group","hd":false},{"ty":"gr","it":[{"ind":0,"ty":"sh","ix":1,"ks":{"a":0,"k":{"i":[[-2.032,8.533],[159.009,21.932],[20.951,-148.91],[0.283,-2.05],[-59.906,4.521],[6.531,90.062]],"o":[[35,-147],[-174,-24],[-0.282,2.009],[-18.284,132.57],[142.979,-10.791],[-0.676,-9.314]],"v":[[154.891,112.684],[82.891,-178.316],[-154.607,30.274],[-154.607,30.274],[-21.266,187.41],[130.891,60.685]],"c":true},"ix":2},"nm":"Path 1","mn":"ADBE Vector Shape - Group","hd":false},{"ty":"fl","c":{"a":0,"k":[0.85875674977,0.852200018191,0.975137867647,1],"ix":4},"o":{"a":0,"k":100,"ix":5},"r":1,"bm":0,"nm":"Fill 1","mn":"ADBE Vector Graphic - Fill","hd":false},{"ty":"tr","p":{"a":0,"k":[433.266,307.95],"ix":2},"a":{"a":0,"k":[0,0],"ix":1},"s":{"a":0,"k":[100,100],"ix":3},"r":{"a":0,"k":0,"ix":6},"o":{"a":0,"k":100,"ix":7},"sk":{"a":0,"k":0,"ix":4},"sa":{"a":0,"k":0,"ix":5},"nm":"Transform"}],"nm":"Group 10","np":2,"cix":2,"bm":0,"ix":10,"mn":"ADBE Vector Group","hd":false},{"ty":"gr","it":[{"ind":0,"ty":"sh","ix":1,"ks":{"a":0,"k":{"i":[[0,0],[-38,-4],[0,0],[-10,38],[0,0]],"o":[[0,0],[0,0],[25.434,-0.48],[6.31,-23.977],[0,0]],"v":[[-89.655,-14.131],[-43.655,31.869],[12.518,34.108],[83.345,-10.131],[7.71,1.942]],"c":true},"ix":2},"nm":"Path 1","mn":"ADBE Vector Shape - Group","hd":false},{"ty":"fl","c":{"a":0,"k":[0.258999992819,0.258999992819,0.258999992819,1],"ix":4},"o":{"a":0,"k":100,"ix":5},"r":1,"bm":0,"nm":"Fill 1","mn":"ADBE Vector Graphic - Fill","hd":false},{"ty":"tr","p":{"a":0,"k":[408.812,502.766],"ix":2},"a":{"a":0,"k":[0,0],"ix":1},"s":{"a":0,"k":[100,100],"ix":3},"r":{"a":0,"k":0,"ix":6},"o":{"a":0,"k":100,"ix":7},"sk":{"a":0,"k":0,"ix":4},"sa":{"a":0,"k":0,"ix":5},"nm":"Transform"}],"nm":"Group 11","np":2,"cix":2,"bm":0,"ix":11,"mn":"ADBE Vector Group","hd":false},{"ty":"gr","it":[{"ind":0,"ty":"sh","ix":1,"ks":{"a":0,"k":{"i":[[0,7.976],[-7.975,0],[0,-7.975],[7.975,0]],"o":[[0,-7.975],[7.975,0],[0,7.976],[-7.975,0]],"v":[[-14.44,0],[0,-14.439],[14.44,0],[0,14.439]],"c":true},"ix":2},"nm":"Path 1","mn":"ADBE Vector Shape - Group","hd":false},{"ty":"fl","c":{"a":0,"k":[0.689999988032,0.654999976065,0.752999997606,1],"ix":4},"o":{"a":0,"k":100,"ix":5},"r":1,"bm":0,"nm":"Fill 1","mn":"ADBE Vector Graphic - Fill","hd":false},{"ty":"tr","p":{"a":0,"k":[405.24,716.103],"ix":2},"a":{"a":0,"k":[0,0],"ix":1},"s":{"a":0,"k":[100,100],"ix":3},"r":{"a":0,"k":0,"ix":6},"o":{"a":0,"k":100,"ix":7},"sk":{"a":0,"k":0,"ix":4},"sa":{"a":0,"k":0,"ix":5},"nm":"Transform"}],"nm":"Group 12","np":2,"cix":2,"bm":0,"ix":12,"mn":"ADBE Vector Group","hd":false},{"ty":"gr","it":[{"ind":0,"ty":"sh","ix":1,"ks":{"a":0,"k":{"i":[[0,7.975],[-7.974,0],[0,-7.976],[7.976,0]],"o":[[0,-7.976],[7.976,0],[0,7.975],[-7.974,0]],"v":[[-14.44,0],[-0.001,-14.439],[14.44,0],[-0.001,14.439]],"c":true},"ix":2},"nm":"Path 1","mn":"ADBE Vector Shape - Group","hd":false},{"ty":"fl","c":{"a":0,"k":[0.689999988032,0.654999976065,0.752999997606,1],"ix":4},"o":{"a":0,"k":100,"ix":5},"r":1,"bm":0,"nm":"Fill 1","mn":"ADBE Vector Graphic - Fill","hd":false},{"ty":"tr","p":{"a":0,"k":[561.071,701.046],"ix":2},"a":{"a":0,"k":[0,0],"ix":1},"s":{"a":0,"k":[100,100],"ix":3},"r":{"a":0,"k":0,"ix":6},"o":{"a":0,"k":100,"ix":7},"sk":{"a":0,"k":0,"ix":4},"sa":{"a":0,"k":0,"ix":5},"nm":"Transform"}],"nm":"Group 13","np":2,"cix":2,"bm":0,"ix":13,"mn":"ADBE Vector Group","hd":false},{"ty":"gr","it":[{"ind":0,"ty":"sh","ix":1,"ks":{"a":0,"k":{"i":[[0,7.975],[-7.974,0],[0,-7.976],[7.975,0]],"o":[[0,-7.976],[7.975,0],[0,7.975],[-7.974,0]],"v":[[-14.44,0],[0,-14.439],[14.44,0],[0,14.439]],"c":true},"ix":2},"nm":"Path 1","mn":"ADBE Vector Shape - Group","hd":false},{"ty":"fl","c":{"a":0,"k":[0.689999988032,0.654999976065,0.752999997606,1],"ix":4},"o":{"a":0,"k":100,"ix":5},"r":1,"bm":0,"nm":"Fill 1","mn":"ADBE Vector Graphic - Fill","hd":false},{"ty":"tr","p":{"a":0,"k":[240.504,701.046],"ix":2},"a":{"a":0,"k":[0,0],"ix":1},"s":{"a":0,"k":[100,100],"ix":3},"r":{"a":0,"k":0,"ix":6},"o":{"a":0,"k":100,"ix":7},"sk":{"a":0,"k":0,"ix":4},"sa":{"a":0,"k":0,"ix":5},"nm":"Transform"}],"nm":"Group 14","np":2,"cix":2,"bm":0,"ix":14,"mn":"ADBE Vector Group","hd":false},{"ty":"gr","it":[{"ind":0,"ty":"sh","ix":1,"ks":{"a":0,"k":{"i":[[0.264,-4.896],[2.97,-1.415],[0,0],[0.265,-3.428],[0,0],[1.103,0],[0,0],[0,0],[-8.342,3.95],[-12.656,3.164],[-0.76,-2.284]],"o":[[-9.805,0.418],[-8.36,3.981],[-3.182,1.295],[0,0],[-0.083,1.103],[0,0],[0,0],[0.089,-9.23],[31.983,-15.142],[3.85,-0.962],[0.482,1.444]],"v":[[76.297,-24.078],[54.401,-21.051],[-65.455,28.213],[-71.082,35.915],[-71.182,37.238],[-73.286,39.188],[-76.944,39.188],[-76.911,35.721],[-64.733,22.129],[59.932,-35.631],[76.778,-38.518]],"c":true},"ix":2},"nm":"Path 1","mn":"ADBE Vector Shape - Group","hd":false},{"ty":"fl","c":{"a":0,"k":[0.478424072266,0.384307861328,0.611755371094,1],"ix":4},"o":{"a":0,"k":100,"ix":5},"r":1,"bm":0,"nm":"Fill 1","mn":"ADBE Vector Graphic - Fill","hd":false},{"ty":"tr","p":{"a":0,"k":[317.511,641.132],"ix":2},"a":{"a":0,"k":[0,0],"ix":1},"s":{"a":0,"k":[100,100],"ix":3},"r":{"a":0,"k":0,"ix":6},"o":{"a":0,"k":100,"ix":7},"sk":{"a":0,"k":0,"ix":4},"sa":{"a":0,"k":0,"ix":5},"nm":"Transform"}],"nm":"Group 15","np":2,"cix":2,"bm":0,"ix":15,"mn":"ADBE Vector Group","hd":false},{"ty":"gr","it":[{"ind":0,"ty":"sh","ix":1,"ks":{"a":0,"k":{"i":[[0,0],[0,0],[0,0],[0,0]],"o":[[0,0],[0,0],[0,0],[0,0]],"v":[[3.49,29.113],[-3.49,29.113],[-3.49,-29.113],[3.49,-29.113]],"c":true},"ix":2},"nm":"Path 1","mn":"ADBE Vector Shape - Group","hd":false},{"ty":"fl","c":{"a":0,"k":[0.779999976065,0.779999976065,0.779999976065,1],"ix":4},"o":{"a":0,"k":100,"ix":5},"r":1,"bm":0,"nm":"Fill 1","mn":"ADBE Vector Graphic - Fill","hd":false},{"ty":"tr","p":{"a":0,"k":[399.704,527.83],"ix":2},"a":{"a":0,"k":[0,0],"ix":1},"s":{"a":0,"k":[100,100],"ix":3},"r":{"a":0,"k":0,"ix":6},"o":{"a":0,"k":100,"ix":7},"sk":{"a":0,"k":0,"ix":4},"sa":{"a":0,"k":0,"ix":5},"nm":"Transform"}],"nm":"Group 16","np":2,"cix":2,"bm":0,"ix":16,"mn":"ADBE Vector Group","hd":false},{"ty":"gr","it":[{"ind":0,"ty":"sh","ix":1,"ks":{"a":0,"k":{"i":[[0,0],[0,0],[0.037,-2.513],[0,0],[3.662,0],[0,0],[0.15,5.226],[0,0],[-0.08,1.688],[0,0]],"o":[[0,0],[0.279,2.482],[0,0],[-0.258,5.102],[0,0],[-3.744,0],[0,0],[-0.049,-1.689],[0,0],[0,0]],"v":[[6.685,-45.892],[14.162,19.154],[14.525,26.662],[14.009,36.835],[7.05,45.892],[-7.198,45.892],[-14.169,36.537],[-14.514,24.462],[-14.466,19.394],[-10.643,-45.411]],"c":false},"ix":2},"nm":"Path 1","mn":"ADBE Vector Shape - Group","hd":false},{"ty":"fl","c":{"a":0,"k":[0.948999980852,0.944999964097,0.984000052658,1],"ix":4},"o":{"a":0,"k":100,"ix":5},"r":1,"bm":0,"nm":"Fill 1","mn":"ADBE Vector Graphic - Fill","hd":false},{"ty":"tr","p":{"a":0,"k":[405.173,648.266],"ix":2},"a":{"a":0,"k":[0,0],"ix":1},"s":{"a":0,"k":[100,100],"ix":3},"r":{"a":0,"k":0,"ix":6},"o":{"a":0,"k":100,"ix":7},"sk":{"a":0,"k":0,"ix":4},"sa":{"a":0,"k":0,"ix":5},"nm":"Transform"}],"nm":"Group 17","np":2,"cix":2,"bm":0,"ix":17,"mn":"ADBE Vector Group","hd":false},{"ty":"gr","it":[{"ind":0,"ty":"sh","ix":1,"ks":{"a":0,"k":{"i":[[0,-7.798],[0,0],[1.559,0],[0,0],[0.076,1.502],[0,0],[2.122,0.987],[8.601,3.581],[17.256,-0.728],[2.969,-1.415],[0,0],[0.265,-3.428],[0,0],[1.103,0],[0,0],[0,1.165],[0,0],[-5.449,2.551],[0,0],[-1.545,2.118],[-0.342,2.685],[-5.323,0],[0,0],[-0.987,-4.948],[0,0],[-4.496,-2.153],[0,0]],"o":[[0,0],[0,1.554],[0,0],[-1.501,0],[0,0],[-0.121,-2.344],[-18.098,-8.395],[-6.152,-2.565],[-9.804,0.418],[-8.361,3.981],[-3.181,1.295],[0,0],[-0.082,1.103],[0,0],[-1.17,0],[0,0],[0,-6.016],[0,0],[2.451,-1.15],[1.55,-2.123],[0.679,-5.281],[0,0],[5.044,0],[0,0],[0.978,4.891],[0,0],[7.037,3.364]],"v":[[167.268,44.375],[167.268,51.094],[164.447,53.915],[153.621,53.915],[150.806,51.233],[150.734,49.755],[147.091,44.345],[36.99,-6.296],[-8.419,-8.985],[-29.471,-6.224],[-149.328,43.041],[-154.955,50.743],[-155.055,52.066],[-157.159,54.016],[-165.154,54.016],[-167.268,51.906],[-167.268,41.355],[-158.343,27.316],[-30.878,-32.465],[-24.807,-37.471],[-21.896,-44.782],[-11.403,-54.016],[12.833,-54.016],[23.206,-45.51],[23.474,-44.167],[32.172,-32.984],[155.753,26.104]],"c":true},"ix":2},"nm":"Path 1","mn":"ADBE Vector Shape - Group","hd":false},{"ty":"fl","c":{"a":0,"k":[0.929000016755,0.925,1,1],"ix":4},"o":{"a":0,"k":100,"ix":5},"r":1,"bm":0,"nm":"Fill 1","mn":"ADBE Vector Graphic - Fill","hd":false},{"ty":"tr","p":{"a":0,"k":[401.384,626.305],"ix":2},"a":{"a":0,"k":[0,0],"ix":1},"s":{"a":0,"k":[100,100],"ix":3},"r":{"a":0,"k":0,"ix":6},"o":{"a":0,"k":100,"ix":7},"sk":{"a":0,"k":0,"ix":4},"sa":{"a":0,"k":0,"ix":5},"nm":"Transform"}],"nm":"Group 18","np":2,"cix":2,"bm":0,"ix":18,"mn":"ADBE Vector Group","hd":false},{"ty":"gr","it":[{"ind":0,"ty":"sh","ix":1,"ks":{"a":0,"k":{"i":[[0,0],[0,0],[0,0],[0,0]],"o":[[0,0],[0,0],[0,0],[0,0]],"v":[[6.618,19.838],[-6.618,19.838],[-6.618,-19.838],[6.618,-19.838]],"c":true},"ix":2},"nm":"Path 1","mn":"ADBE Vector Shape - Group","hd":false},{"ty":"fl","c":{"a":0,"k":[0.779999976065,0.779999976065,0.779999976065,1],"ix":4},"o":{"a":0,"k":100,"ix":5},"r":1,"bm":0,"nm":"Fill 1","mn":"ADBE Vector Graphic - Fill","hd":false},{"ty":"tr","p":{"a":0,"k":[396.575,566.473],"ix":2},"a":{"a":0,"k":[0,0],"ix":1},"s":{"a":0,"k":[100,100],"ix":3},"r":{"a":0,"k":0,"ix":6},"o":{"a":0,"k":100,"ix":7},"sk":{"a":0,"k":0,"ix":4},"sa":{"a":0,"k":0,"ix":5},"nm":"Transform"}],"nm":"Group 19","np":2,"cix":2,"bm":0,"ix":19,"mn":"ADBE Vector Group","hd":false},{"ty":"gr","it":[{"ind":0,"ty":"sh","ix":1,"ks":{"a":0,"k":{"i":[[0,0],[0,0],[3.095,0],[0,0],[0,2.856],[0,0]],"o":[[0,0],[0,2.856],[0,0],[-3.095,0],[0,0],[0,0]],"v":[[13.237,-27.99],[13.237,22.819],[7.634,27.99],[-7.634,27.99],[-13.237,22.819],[-13.237,-27.99]],"c":true},"ix":2},"nm":"Path 1","mn":"ADBE Vector Shape - Group","hd":false},{"ty":"fl","c":{"a":0,"k":[0.875,0.875,0.875,1],"ix":4},"o":{"a":0,"k":100,"ix":5},"r":1,"bm":0,"nm":"Fill 1","mn":"ADBE Vector Graphic - Fill","hd":false},{"ty":"tr","p":{"a":0,"k":[403.194,574.624],"ix":2},"a":{"a":0,"k":[0,0],"ix":1},"s":{"a":0,"k":[100,100],"ix":3},"r":{"a":0,"k":0,"ix":6},"o":{"a":0,"k":100,"ix":7},"sk":{"a":0,"k":0,"ix":4},"sa":{"a":0,"k":0,"ix":5},"nm":"Transform"}],"nm":"Group 20","np":2,"cix":2,"bm":0,"ix":20,"mn":"ADBE Vector Group","hd":false},{"ty":"gr","it":[{"ind":0,"ty":"sh","ix":1,"ks":{"a":0,"k":{"i":[[0,0],[0,0],[0,0],[0,0]],"o":[[0,0],[0,0],[0,0],[0,0]],"v":[[6.498,35.073],[-6.498,35.073],[-6.498,-35.073],[6.498,-35.073]],"c":true},"ix":2},"nm":"Path 1","mn":"ADBE Vector Shape - Group","hd":false},{"ty":"fl","c":{"a":0,"k":[0.827000038297,0.827000038297,0.827000038297,1],"ix":4},"o":{"a":0,"k":100,"ix":5},"r":1,"bm":0,"nm":"Fill 1","mn":"ADBE Vector Graphic - Fill","hd":false},{"ty":"tr","p":{"a":0,"k":[402.953,531.04],"ix":2},"a":{"a":0,"k":[0,0],"ix":1},"s":{"a":0,"k":[100,100],"ix":3},"r":{"a":0,"k":0,"ix":6},"o":{"a":0,"k":100,"ix":7},"sk":{"a":0,"k":0,"ix":4},"sa":{"a":0,"k":0,"ix":5},"nm":"Transform"}],"nm":"Group 21","np":2,"cix":2,"bm":0,"ix":21,"mn":"ADBE Vector Group","hd":false},{"ty":"gr","it":[{"ind":0,"ty":"sh","ix":1,"ks":{"a":0,"k":{"i":[[0,0],[0,0],[0,0],[0,0]],"o":[[0,0],[0,0],[0,0],[0,0]],"v":[[4.701,-11.549],[4.701,11.481],[-4.459,11.549],[-4.701,-11.549]],"c":true},"ix":2},"nm":"Path 1","mn":"ADBE Vector Shape - Group","hd":false},{"ty":"fl","c":{"a":0,"k":[0.875,0.875,0.875,1],"ix":4},"o":{"a":0,"k":100,"ix":5},"r":1,"bm":0,"nm":"Fill 1","mn":"ADBE Vector Graphic - Fill","hd":false},{"ty":"tr","p":{"a":0,"k":[561.165,692.166],"ix":2},"a":{"a":0,"k":[0,0],"ix":1},"s":{"a":0,"k":[100,100],"ix":3},"r":{"a":0,"k":0,"ix":6},"o":{"a":0,"k":100,"ix":7},"sk":{"a":0,"k":0,"ix":4},"sa":{"a":0,"k":0,"ix":5},"nm":"Transform"}],"nm":"Group 22","np":2,"cix":2,"bm":0,"ix":22,"mn":"ADBE Vector Group","hd":false},{"ty":"gr","it":[{"ind":0,"ty":"sh","ix":1,"ks":{"a":0,"k":{"i":[[0,0],[0,0],[0,0],[0,0]],"o":[[0,0],[0,0],[0,0],[0,0]],"v":[[4.7,-11.549],[4.7,11.481],[-4.459,11.549],[-4.7,-11.549]],"c":true},"ix":2},"nm":"Path 1","mn":"ADBE Vector Shape - Group","hd":false},{"ty":"fl","c":{"a":0,"k":[0.875,0.875,0.875,1],"ix":4},"o":{"a":0,"k":100,"ix":5},"r":1,"bm":0,"nm":"Fill 1","mn":"ADBE Vector Graphic - Fill","hd":false},{"ty":"tr","p":{"a":0,"k":[240.567,692.166],"ix":2},"a":{"a":0,"k":[0,0],"ix":1},"s":{"a":0,"k":[100,100],"ix":3},"r":{"a":0,"k":0,"ix":6},"o":{"a":0,"k":100,"ix":7},"sk":{"a":0,"k":0,"ix":4},"sa":{"a":0,"k":0,"ix":5},"nm":"Transform"}],"nm":"Group 23","np":2,"cix":2,"bm":0,"ix":23,"mn":"ADBE Vector Group","hd":false},{"ty":"gr","it":[{"ind":0,"ty":"sh","ix":1,"ks":{"a":0,"k":{"i":[[0,0],[0,0],[0,0],[0,0]],"o":[[0,0],[0,0],[0,0],[0,0]],"v":[[4.701,-11.55],[4.701,11.48],[-4.46,11.55],[-4.701,-11.55]],"c":true},"ix":2},"nm":"Path 1","mn":"ADBE Vector Shape - Group","hd":false},{"ty":"fl","c":{"a":0,"k":[0.875,0.875,0.875,1],"ix":4},"o":{"a":0,"k":100,"ix":5},"r":1,"bm":0,"nm":"Fill 1","mn":"ADBE Vector Graphic - Fill","hd":false},{"ty":"tr","p":{"a":0,"k":[405.048,705.707],"ix":2},"a":{"a":0,"k":[0,0],"ix":1},"s":{"a":0,"k":[100,100],"ix":3},"r":{"a":0,"k":0,"ix":6},"o":{"a":0,"k":100,"ix":7},"sk":{"a":0,"k":0,"ix":4},"sa":{"a":0,"k":0,"ix":5},"nm":"Transform"}],"nm":"Group 24","np":2,"cix":2,"bm":0,"ix":24,"mn":"ADBE Vector Group","hd":false}],"ip":5483,"op":5483,"st":0,"bm":0,"hidden":0},{"ddd":0,"ind":8,"ty":4,"nm":"Layer 3 Outlines","sr":1,"ks":{"o":{"a":0,"k":100,"ix":11},"r":{"a":0,"k":0,"ix":10},"p":{"a":0,"k":[817.033,528.028,0],"ix":2},"a":{"a":0,"k":[179.124,62.185,0],"ix":1},"s":{"a":0,"k":[100,100,100],"ix":6}},"ao":0,"shapes":[{"ty":"gr","it":[{"ind":0,"ty":"sh","ix":1,"ks":{"a":1,"k":[{"i":{"x":0.667,"y":1},"o":{"x":0.333,"y":0},"t":0,"s":[{"i":[[0,0],[35.5,-3.5],[0,0],[-0.039,0.811],[0,0],[0,0]],"o":[[0,0],[-35.5,3.5],[-0.599,0.549],[0,0],[0,0],[0,0]],"v":[[152.467,-31.528],[33.467,-35.528],[-58.404,25.979],[-59.928,25.265],[-59.033,6.472],[-58.033,-17.528]],"c":false}]},{"i":{"x":0.667,"y":1},"o":{"x":0.333,"y":0},"t":38,"s":[{"i":[[0,0],[52.971,-7.115],[0,0],[-0.039,0.811],[0,0],[0,0]],"o":[[0,0],[-33.5,4.5],[-0.599,0.549],[0,0],[0,0],[0,0]],"v":[[152.467,-31.528],[33.467,-35.528],[-58.404,25.979],[-59.928,25.265],[-56.533,6.472],[-52.033,-16.028]],"c":false}]},{"i":{"x":0.667,"y":1},"o":{"x":0.333,"y":0},"t":78,"s":[{"i":[[0,0],[35.5,-3.5],[0,0],[-0.039,0.811],[0,0],[0,0]],"o":[[0,0],[-35.5,3.5],[-0.599,0.549],[0,0],[0,0],[0,0]],"v":[[152.467,-31.528],[33.467,-35.528],[-58.404,25.979],[-59.928,25.265],[-59.033,6.472],[-58.033,-17.528]],"c":false}]},{"i":{"x":0.667,"y":1},"o":{"x":0.333,"y":0},"t":119,"s":[{"i":[[0,0],[52.971,-7.115],[0,0],[-0.039,0.811],[0,0],[0,0]],"o":[[0,0],[-33.5,4.5],[-0.599,0.549],[0,0],[0,0],[0,0]],"v":[[152.467,-31.528],[33.467,-35.528],[-58.404,25.979],[-59.928,25.265],[-56.533,6.472],[-52.033,-16.028]],"c":false}]},{"i":{"x":0.667,"y":1},"o":{"x":0.167,"y":0},"t":160,"s":[{"i":[[0,0],[35.5,-3.5],[0,0],[-0.039,0.811],[0,0],[0,0]],"o":[[0,0],[-35.5,3.5],[-0.599,0.549],[0,0],[0,0],[0,0]],"v":[[152.467,-31.528],[33.467,-35.528],[-58.404,25.979],[-59.928,25.265],[-59.033,6.472],[-58.033,-17.528]],"c":false}]},{"i":{"x":0.667,"y":1},"o":{"x":0.333,"y":0},"t":195,"s":[{"i":[[0,0],[52.971,-7.115],[0,0],[-0.039,0.811],[0,0],[0,0]],"o":[[0,0],[-33.5,4.5],[-0.599,0.549],[0,0],[0,0],[0,0]],"v":[[152.467,-31.528],[33.467,-35.528],[-58.404,25.979],[-59.928,25.265],[-56.533,6.472],[-52.033,-16.028]],"c":false}]},{"t":235,"s":[{"i":[[0,0],[35.5,-3.5],[0,0],[-0.039,0.811],[0,0],[0,0]],"o":[[0,0],[-35.5,3.5],[-0.599,0.549],[0,0],[0,0],[0,0]],"v":[[152.467,-31.528],[33.467,-35.528],[-58.404,25.979],[-59.928,25.265],[-59.033,6.472],[-58.033,-17.528]],"c":false}]}],"ix":2},"nm":"Path 1","mn":"ADBE Vector Shape - Group","hd":false},{"ty":"st","c":{"a":0,"k":[0.136999990426,0.122000002394,0.125,1],"ix":3},"o":{"a":0,"k":100,"ix":4},"w":{"a":0,"k":10.663,"ix":5},"lc":2,"lj":1,"ml":10,"bm":0,"nm":"Stroke 1","mn":"ADBE Vector Graphic - Stroke","hd":false},{"ty":"tr","p":{"a":0,"k":[179.124,62.186],"ix":2},"a":{"a":0,"k":[0,0],"ix":1},"s":{"a":0,"k":[100,100],"ix":3},"r":{"a":0,"k":0,"ix":6},"o":{"a":0,"k":100,"ix":7},"sk":{"a":0,"k":0,"ix":4},"sa":{"a":0,"k":0,"ix":5},"nm":"Transform"}],"nm":"Group 1","np":2,"cix":2,"bm":0,"ix":1,"mn":"ADBE Vector Group","hd":false}],"ip":5483,"op":5483,"st":0,"bm":0,"hidden":0},{"ddd":0,"ind":11,"ty":4,"nm":"Layer 2 Outlines 2","sr":1,"ks":{"o":{"a":0,"k":100,"ix":11},"r":{"a":0,"k":0,"ix":10},"p":{"a":0,"k":[965.3780000000002,546.044,0],"ix":2},"a":{"a":0,"k":[144.613,99.877,0],"ix":1},"s":{"a":0,"k":[-100,100,100],"ix":6}},"ao":0,"shapes":[{"ty":"gr","it":[{"ind":0,"ty":"sh","ix":1,"ks":{"a":0,"k":{"i":[[39,9],[124,11],[-52.098,-1.406],[0.003,0.008]],"o":[[-141.098,-32.561],[-44.824,-3.976],[83.899,2.264],[83.631,-40.983]],"v":[[109.623,-76.044],[-99.377,79.956],[-80.279,97.362],[55.756,64.752]],"c":true},"ix":2},"nm":"Path 1","mn":"ADBE Vector Shape - Group","hd":false},{"ty":"fl","c":{"a":0,"k":[0.858734130859,0.852172851563,0.975128173828,1],"ix":4},"o":{"a":0,"k":100,"ix":5},"r":1,"bm":0,"nm":"Fill 1","mn":"ADBE Vector Graphic - Fill","hd":false},{"ty":"tr","p":{"a":0,"k":[144.612,99.877],"ix":2},"a":{"a":0,"k":[0,0],"ix":1},"s":{"a":0,"k":[100,100],"ix":3},"r":{"a":0,"k":0,"ix":6},"o":{"a":0,"k":100,"ix":7},"sk":{"a":0,"k":0,"ix":4},"sa":{"a":0,"k":0,"ix":5},"nm":"Transform"}],"nm":"Group 1","np":2,"cix":2,"bm":0,"ix":1,"mn":"ADBE Vector Group","hd":false}],"ip":5483,"op":5483,"st":0,"bm":0,"hidden":0},{"ddd":0,"ind":12,"ty":4,"nm":"Shadow","sr":1,"ks":{"o":{"a":0,"k":100,"ix":11},"r":{"a":0,"k":0,"ix":10},"p":{"a":0,"k":[750,750,0],"ix":2},"a":{"a":0,"k":[0,0,0],"ix":1},"s":{"a":0,"k":[100,100,100],"ix":6}},"ao":0,"shapes":[{"ty":"gr","it":[{"d":1,"ty":"el","s":{"a":0,"k":[342.68,6.344],"ix":2},"p":{"a":0,"k":[0,0],"ix":3},"nm":"Ellipse Path 1","mn":"ADBE Vector Shape - Ellipse","hd":false},{"ty":"gf","o":{"a":0,"k":100,"ix":10},"r":1,"bm":0,"g":{"p":3,"k":{"a":0,"k":[0,0.893,0.893,0.893,0.617,0.947,0.947,0.947,1,1,1,1],"ix":9}},"s":{"a":0,"k":[2.666,-0.106],"ix":5},"e":{"a":0,"k":[166.926,0.216],"ix":6},"t":2,"h":{"a":0,"k":0.916,"ix":7},"a":{"a":0,"k":179.505,"ix":8},"nm":"Gradient Fill 1","mn":"ADBE Vector Graphic - G-Fill","hd":false},{"ty":"tr","p":{"a":0,"k":[274.619,91.934],"ix":2},"a":{"a":0,"k":[0,0],"ix":1},"s":{"a":0,"k":[100,546.715],"ix":3},"r":{"a":0,"k":0,"ix":6},"o":{"a":0,"k":100,"ix":7},"sk":{"a":0,"k":0,"ix":4},"sa":{"a":0,"k":0,"ix":5},"nm":"Transform"}],"nm":"Ellipse 1","np":3,"cix":2,"bm":0,"ix":1,"mn":"ADBE Vector Group","hd":false}],"ip":5483,"op":5483,"st":0,"bm":0,"hidden":0},{"ddd":0,"ind":13,"ty":4,"nm":"Stand Outlines","sr":1,"ks":{"o":{"a":0,"k":100,"ix":11},"r":{"a":0,"k":0,"ix":10},"p":{"a":0,"k":[650.625,1013.497,0],"ix":2},"a":{"a":0,"k":[96.021,47.754,0],"ix":1},"s":{"a":0,"k":[100,100,100],"ix":6}},"ao":0,"shapes":[{"ty":"gr","it":[{"ind":0,"ty":"sh","ix":1,"ks":{"a":0,"k":{"i":[[-2.677,-7.08],[31.734,-20.593],[-4.177,28.041],[0,0]],"o":[[-22.547,2.166],[11.236,-20.115],[0,0],[1.62,5.912]],"v":[[46.445,4.478],[-45.195,34.436],[-23.063,-34.686],[35.891,-34.186]],"c":true},"ix":2},"nm":"Path 1","mn":"ADBE Vector Shape - Group","hd":false},{"ty":"fl","c":{"a":0,"k":[0.478431372549,0.38431372549,0.611764705882,1],"ix":4},"o":{"a":0,"k":100,"ix":5},"r":1,"bm":0,"nm":"Fill 1","mn":"ADBE Vector Graphic - Fill","hd":false},{"ty":"tr","p":{"a":0,"k":[88.605,34.437],"ix":2},"a":{"a":0,"k":[0,0],"ix":1},"s":{"a":0,"k":[100,100],"ix":3},"r":{"a":0,"k":0,"ix":6},"o":{"a":0,"k":100,"ix":7},"sk":{"a":0,"k":0,"ix":4},"sa":{"a":0,"k":0,"ix":5},"nm":"Transform"}],"nm":"Group 1","np":2,"cix":2,"bm":0,"ix":1,"mn":"ADBE Vector Group","hd":false},{"ty":"gr","it":[{"ind":0,"ty":"sh","ix":1,"ks":{"a":0,"k":{"i":[[-29.241,0],[0,0],[-2.27,0.454],[-2.845,1.4],[-6.924,12.14],[-4,28.947],[0,0],[0,0],[-3.071,-13.092],[-2.616,-8.095]],"o":[[0,0],[2.427,0],[3.14,-0.629],[10.663,-5.249],[10.652,-18.676],[0,0],[0,0],[0,0],[1.585,6.757],[9.827,30.409]],"v":[[95.771,54.503],[-95.771,54.503],[-88.723,53.808],[-79.75,50.729],[-53.53,23.088],[-28.861,-55.503],[-28.729,-55.502],[28.475,-55.502],[32.82,-33.198],[39.086,-10.556]],"c":true},"ix":2},"nm":"Path 1","mn":"ADBE Vector Shape - Group","hd":false},{"ty":"fl","c":{"a":0,"k":[0.744598388672,0.739715576172,0.831359863281,1],"ix":4},"o":{"a":0,"k":100,"ix":5},"r":1,"bm":0,"nm":"Fill 1","mn":"ADBE Vector Graphic - Fill","hd":false},{"ty":"tr","p":{"a":0,"k":[96.021,47.754],"ix":2},"a":{"a":0,"k":[0,0],"ix":1},"s":{"a":0,"k":[100,100],"ix":3},"r":{"a":0,"k":0,"ix":6},"o":{"a":0,"k":100,"ix":7},"sk":{"a":0,"k":0,"ix":4},"sa":{"a":0,"k":0,"ix":5},"nm":"Transform"}],"nm":"Group 2","np":2,"cix":2,"bm":0,"ix":2,"mn":"ADBE Vector Group","hd":false}],"ip":0,"op":289,"st":0,"bm":0},{"ddd":0,"ind":14,"ty":4,"nm":"Shape Layer 1","sr":1,"ks":{"o":{"a":0,"k":100,"ix":11},"r":{"a":0,"k":90,"ix":10},"p":{"a":0,"k":[402.559,433.24600000000004,0],"ix":2},"a":{"a":0,"k":[-295.441,-506.754,0],"ix":1},"s":{"a":0,"k":[92.548,92.548,100],"ix":6}},"ao":0,"shapes":[{"ty":"gr","it":[{"ind":0,"ty":"sh","ix":1,"ks":{"a":0,"k":{"i":[[0,0],[0,0],[0,0],[0,0],[0,0]],"o":[[0,0],[0,0],[0,0],[0,0],[0,0]],"v":[[-386.741,-310.576],[-383.5,-306.254],[-286.253,-306.254],[-288.751,-310.306],[-290.44,-310.311]],"c":true},"ix":2},"nm":"Path 1","mn":"ADBE Vector Shape - Group","hd":false},{"ty":"fl","c":{"a":0,"k":[0.871355662626,0.865218577665,0.980223651961,1],"ix":4},"o":{"a":0,"k":100,"ix":5},"r":1,"bm":0,"nm":"Fill 1","mn":"ADBE Vector Graphic - Fill","hd":false},{"ty":"tr","p":{"a":0,"k":[0,0],"ix":2},"a":{"a":0,"k":[0,0],"ix":1},"s":{"a":0,"k":[100,100],"ix":3},"r":{"a":0,"k":0,"ix":6},"o":{"a":0,"k":100,"ix":7},"sk":{"a":0,"k":0,"ix":4},"sa":{"a":0,"k":0,"ix":5},"nm":"Transform"}],"nm":"Shape 8","np":3,"cix":2,"bm":0,"ix":1,"mn":"ADBE Vector Group","hd":false},{"ty":"gr","it":[{"ind":0,"ty":"sh","ix":1,"ks":{"a":0,"k":{"i":[[0,0],[0,0],[0,0],[0,0]],"o":[[0,0],[0,0],[0,0],[0,0]],"v":[[-290.305,-466.171],[-290.372,-310.306],[-286.253,-306.254],[-286.253,-463.2]],"c":true},"ix":2},"nm":"Path 1","mn":"ADBE Vector Shape - Group","hd":false},{"ty":"fl","c":{"a":0,"k":[0.871355662626,0.865218577665,0.980223651961,1],"ix":4},"o":{"a":0,"k":100,"ix":5},"r":1,"bm":0,"nm":"Fill 1","mn":"ADBE Vector Graphic - Fill","hd":false},{"ty":"tr","p":{"a":0,"k":[0,0],"ix":2},"a":{"a":0,"k":[0,0],"ix":1},"s":{"a":0,"k":[100,100],"ix":3},"r":{"a":0,"k":0,"ix":6},"o":{"a":0,"k":100,"ix":7},"sk":{"a":0,"k":0,"ix":4},"sa":{"a":0,"k":0,"ix":5},"nm":"Transform"}],"nm":"Shape 7","np":3,"cix":2,"bm":0,"ix":2,"mn":"ADBE Vector Group","hd":false},{"ty":"gr","it":[{"ind":0,"ty":"sh","ix":1,"ks":{"a":0,"k":{"i":[[0,0],[0,0],[0,0],[0,0]],"o":[[0,0],[0,0],[0,0],[0,0]],"v":[[-115.801,-549.573],[-116.274,-388.374],[-109.858,-388.306],[-109.858,-544.104]],"c":true},"ix":2},"nm":"Path 1","mn":"ADBE Vector Shape - Group","hd":false},{"ty":"fl","c":{"a":0,"k":[0.766052246094,0.755859375,0.947143554688,1],"ix":4},"o":{"a":0,"k":100,"ix":5},"r":1,"bm":0,"nm":"Fill 1","mn":"ADBE Vector Graphic - Fill","hd":false},{"ty":"tr","p":{"a":0,"k":[0,0],"ix":2},"a":{"a":0,"k":[0,0],"ix":1},"s":{"a":0,"k":[100,100],"ix":3},"r":{"a":0,"k":0,"ix":6},"o":{"a":0,"k":100,"ix":7},"sk":{"a":0,"k":0,"ix":4},"sa":{"a":0,"k":0,"ix":5},"nm":"Transform"}],"nm":"Shape 6","np":3,"cix":2,"bm":0,"ix":3,"mn":"ADBE Vector Group","hd":false},{"ty":"gr","it":[{"ind":0,"ty":"sh","ix":1,"ks":{"a":0,"k":{"i":[[0,0],[0,0],[0,0],[0,0]],"o":[[0,0],[0,0],[0,0],[0,0]],"v":[[-266.263,-395.33],[-261.131,-388.374],[-109.858,-388.374],[-116.071,-393.709]],"c":true},"ix":2},"nm":"Path 1","mn":"ADBE Vector Shape - Group","hd":false},{"ty":"fl","c":{"a":0,"k":[0.766052246094,0.755859375,0.947143554688,1],"ix":4},"o":{"a":0,"k":100,"ix":5},"r":1,"bm":0,"nm":"Fill 1","mn":"ADBE Vector Graphic - Fill","hd":false},{"ty":"tr","p":{"a":0,"k":[0,0],"ix":2},"a":{"a":0,"k":[0,0],"ix":1},"s":{"a":0,"k":[100,100],"ix":3},"r":{"a":0,"k":0,"ix":6},"o":{"a":0,"k":100,"ix":7},"sk":{"a":0,"k":0,"ix":4},"sa":{"a":0,"k":0,"ix":5},"nm":"Transform"}],"nm":"Shape 5","np":3,"cix":2,"bm":0,"ix":4,"mn":"ADBE Vector Group","hd":false},{"ty":"gr","it":[{"ind":0,"ty":"sh","ix":1,"ks":{"a":0,"k":{"i":[[0,0],[0,0],[0,0],[0,0]],"o":[[0,0],[0,0],[0,0],[0,0]],"v":[[-475.006,-492.171],[-469.671,-487.782],[-281.796,-487.782],[-283.011,-492.036]],"c":true},"ix":2},"nm":"Path 1","mn":"ADBE Vector Shape - Group","hd":false},{"ty":"fl","c":{"a":0,"k":[0.766052246094,0.755859375,0.947143554688,1],"ix":4},"o":{"a":0,"k":100,"ix":5},"r":1,"bm":0,"nm":"Fill 1","mn":"ADBE Vector Graphic - Fill","hd":false},{"ty":"tr","p":{"a":0,"k":[0,0],"ix":2},"a":{"a":0,"k":[0,0],"ix":1},"s":{"a":0,"k":[100,100],"ix":3},"r":{"a":0,"k":0,"ix":6},"o":{"a":0,"k":100,"ix":7},"sk":{"a":0,"k":0,"ix":4},"sa":{"a":0,"k":0,"ix":5},"nm":"Transform"}],"nm":"Shape 4","np":3,"cix":2,"bm":0,"ix":5,"mn":"ADBE Vector Group","hd":false},{"ty":"gr","it":[{"ind":0,"ty":"sh","ix":1,"ks":{"a":0,"k":{"i":[[0,0],[0,0],[0,0],[0,0]],"o":[[0,0],[0,0],[0,0],[0,0]],"v":[[-285.713,-603.937],[-286.253,-492.104],[-281.931,-488.052],[-281.39,-600.021]],"c":true},"ix":2},"nm":"Path 1","mn":"ADBE Vector Shape - Group","hd":false},{"ty":"fl","c":{"a":0,"k":[0.766069180358,0.755875651042,0.947166053922,1],"ix":4},"o":{"a":0,"k":100,"ix":5},"r":1,"bm":0,"nm":"Fill 1","mn":"ADBE Vector Graphic - Fill","hd":false},{"ty":"tr","p":{"a":0,"k":[0,0],"ix":2},"a":{"a":0,"k":[0,0],"ix":1},"s":{"a":0,"k":[100,100],"ix":3},"r":{"a":0,"k":0,"ix":6},"o":{"a":0,"k":100,"ix":7},"sk":{"a":0,"k":0,"ix":4},"sa":{"a":0,"k":0,"ix":5},"nm":"Transform"}],"nm":"Shape 3","np":3,"cix":2,"bm":0,"ix":6,"mn":"ADBE Vector Group","hd":false},{"ty":"gr","it":[{"ind":0,"ty":"sh","ix":1,"ks":{"a":0,"k":{"i":[[0,0],[0,0],[0,0],[0,0]],"o":[[0,0],[0,0],[0,0],[0,0]],"v":[[-158.549,-702.737],[-159.022,-570.576],[-154.092,-568.28],[-153.619,-697.672]],"c":true},"ix":2},"nm":"Path 1","mn":"ADBE Vector Shape - Group","hd":false},{"ty":"fl","c":{"a":0,"k":[0.871355662626,0.865218577665,0.980223651961,1],"ix":4},"o":{"a":0,"k":100,"ix":5},"r":1,"bm":0,"nm":"Fill 1","mn":"ADBE Vector Graphic - Fill","hd":false},{"ty":"tr","p":{"a":0,"k":[0,0],"ix":2},"a":{"a":0,"k":[0,0],"ix":1},"s":{"a":0,"k":[100,100],"ix":3},"r":{"a":0,"k":0,"ix":6},"o":{"a":0,"k":100,"ix":7},"sk":{"a":0,"k":0,"ix":4},"sa":{"a":0,"k":0,"ix":5},"nm":"Transform"}],"nm":"Shape 2","np":3,"cix":2,"bm":0,"ix":7,"mn":"ADBE Vector Group","hd":false},{"ty":"gr","it":[{"ind":0,"ty":"sh","ix":1,"ks":{"a":0,"k":{"i":[[0,0],[0,0],[0,0],[0,0]],"o":[[0,0],[0,0],[0,0],[0,0]],"v":[[-159.022,-574.223],[-264.035,-574.02],[-260.253,-568.145],[-154.159,-568.28]],"c":true},"ix":2},"nm":"Path 1","mn":"ADBE Vector Shape - Group","hd":false},{"ty":"fl","c":{"a":0,"k":[0.871355662626,0.865218577665,0.980223651961,1],"ix":4},"o":{"a":0,"k":100,"ix":5},"r":1,"bm":0,"nm":"Fill 1","mn":"ADBE Vector Graphic - Fill","hd":false},{"ty":"tr","p":{"a":0,"k":[0,0],"ix":2},"a":{"a":0,"k":[0,0],"ix":1},"s":{"a":0,"k":[100,100],"ix":3},"r":{"a":0,"k":0,"ix":6},"o":{"a":0,"k":100,"ix":7},"sk":{"a":0,"k":0,"ix":4},"sa":{"a":0,"k":0,"ix":5},"nm":"Transform"}],"nm":"Shape 1","np":3,"cix":2,"bm":0,"ix":8,"mn":"ADBE Vector Group","hd":false},{"ty":"gr","it":[{"ty":"rc","d":1,"s":{"a":0,"k":[105.609,128.625],"ix":2},"p":{"a":0,"k":[0,0],"ix":3},"r":{"a":0,"k":0,"ix":4},"nm":"Rectangle Path 1","mn":"ADBE Vector Shape - Rect","hd":false},{"ty":"fl","c":{"a":0,"k":[0.93454170975,0.930851715686,1,1],"ix":4},"o":{"a":0,"k":100,"ix":5},"r":1,"bm":0,"nm":"Fill 1","mn":"ADBE Vector Graphic - Fill","hd":false},{"ty":"tr","p":{"a":0,"k":[-211.195,-638.312],"ix":2},"a":{"a":0,"k":[0,0],"ix":1},"s":{"a":0,"k":[100,100],"ix":3},"r":{"a":0,"k":0,"ix":6},"o":{"a":0,"k":100,"ix":7},"sk":{"a":0,"k":0,"ix":4},"sa":{"a":0,"k":0,"ix":5},"nm":"Transform"}],"nm":"Rectangle 4","np":3,"cix":2,"bm":0,"ix":9,"mn":"ADBE Vector Group","hd":false},{"ty":"gr","it":[{"ty":"rc","d":1,"s":{"a":0,"k":[189.242,112.039],"ix":2},"p":{"a":0,"k":[0,0],"ix":3},"r":{"a":0,"k":0,"ix":4},"nm":"Rectangle Path 1","mn":"ADBE Vector Shape - Rect","hd":false},{"ty":"fl","c":{"a":0,"k":[0.856467991249,0.84876535453,0.993106617647,1],"ix":4},"o":{"a":0,"k":100,"ix":5},"r":1,"bm":0,"nm":"Fill 1","mn":"ADBE Vector Graphic - Fill","hd":false},{"ty":"tr","p":{"a":0,"k":[-380.621,-547.98],"ix":2},"a":{"a":0,"k":[0,0],"ix":1},"s":{"a":0,"k":[100,100],"ix":3},"r":{"a":0,"k":0,"ix":6},"o":{"a":0,"k":100,"ix":7},"sk":{"a":0,"k":0,"ix":4},"sa":{"a":0,"k":0,"ix":5},"nm":"Transform"}],"nm":"Rectangle 3","np":3,"cix":2,"bm":0,"ix":10,"mn":"ADBE Vector Group","hd":false},{"ty":"gr","it":[{"ty":"rc","d":1,"s":{"a":0,"k":[150.359,157.188],"ix":2},"p":{"a":0,"k":[0,0],"ix":3},"r":{"a":0,"k":0,"ix":4},"nm":"Rectangle Path 1","mn":"ADBE Vector Shape - Rect","hd":false},{"ty":"fl","c":{"a":0,"k":[0.871355662626,0.865218577665,0.980223651961,1],"ix":4},"o":{"a":0,"k":100,"ix":5},"r":1,"bm":0,"nm":"Fill 1","mn":"ADBE Vector Graphic - Fill","hd":false},{"ty":"tr","p":{"a":0,"k":[-190.82,-470.594],"ix":2},"a":{"a":0,"k":[0,0],"ix":1},"s":{"a":0,"k":[100,100],"ix":3},"r":{"a":0,"k":0,"ix":6},"o":{"a":0,"k":100,"ix":7},"sk":{"a":0,"k":0,"ix":4},"sa":{"a":0,"k":0,"ix":5},"nm":"Transform"}],"nm":"Rectangle 2","np":3,"cix":2,"bm":0,"ix":11,"mn":"ADBE Vector Group","hd":false},{"ty":"gr","it":[{"ty":"rc","d":1,"s":{"a":0,"k":[95.742,155.117],"ix":2},"p":{"a":0,"k":[0,0],"ix":3},"r":{"a":0,"k":0,"ix":4},"nm":"Rectangle Path 1","mn":"ADBE Vector Shape - Rect","hd":false},{"ty":"fl","c":{"a":0,"k":[0.93454170975,0.930851715686,1,1],"ix":4},"o":{"a":0,"k":100,"ix":5},"r":1,"bm":0,"nm":"Fill 1","mn":"ADBE Vector Graphic - Fill","hd":false},{"ty":"tr","p":{"a":0,"k":[-338.129,-388.441],"ix":2},"a":{"a":0,"k":[0,0],"ix":1},"s":{"a":0,"k":[100,100],"ix":3},"r":{"a":0,"k":0,"ix":6},"o":{"a":0,"k":100,"ix":7},"sk":{"a":0,"k":0,"ix":4},"sa":{"a":0,"k":0,"ix":5},"nm":"Transform"}],"nm":"Rectangle 1","np":3,"cix":2,"bm":0,"ix":12,"mn":"ADBE Vector Group","hd":false}],"ip":5483,"op":5483,"st":0,"bm":0,"hidden":0}],"markers":[]}